id,x1,x2,x3,x4,x5,x6,x7,x8,x9,x10,y
0,-0.78103,-0.63375,-0.03665,0.27517,FALSE,F,-1.85755,0.22668,-2.3513,1.42092,Bob
1,0.42649,-0.50019,0.00696,0.11817,FALSE,F,-1.73761,-1.61015,-5.12219,1.87723,Bob
2,1.86817,-0.45565,0.07658,0.09662,FALSE,F,1.02798,-0.92326,-1.67111,2.07828,Atsuto
3,-1.80073,0.08535,-0.02467,0.14032,FALSE,F,2.02793,-0.46318,2.41329,-0.62963,Atsuto
4,1.56943,-1.2586,-0.02092,0.22267,FALSE,F,-0.43304,-1.99881,-1.58241,2.28423,Bob
5,0.14361,-0.37353,-1.01562,1.00364,FALSE,F,-0.05208,0.2106,-0.29282,3.84481,Jörg
6,-0.34399,-1.16045,0.21745,0.07107,FALSE,F,-0.67029,0.03244,-3.17673,1.74463,Bob
7,-0.05407,-0.47607,-0.56841,0.65207,FALSE,F,-1.85532,-0.63706,-0.44894,2.58572,Bob
8,-0.71673,-0.27256,-0.38471,0.50048,FALSE,F,-1.4087,1.59564,-1.92357,0.05368,Atsuto
9,-0.13301,0.31355,-0.92791,0.88101,FALSE,F,0.25196,-0.25724,-1.00409,1.15892,Bob
10,-1.12513,-0.24434,-0.94695,0.95083,FALSE,F,0.06075,-0.879,0.71193,1.96878,Atsuto
11,0.78906,0.40426,-0.00116,0.10488,TRUE,E,-0.82565,-2.05912,-2.07703,-1.22726,Bob
12,-0.7181,-0.56698,-0.43278,0.53287,FALSE,F,-1.65993,-1.74412,-3.09878,2.17475,Bob
13,2.16735,0.93905,-1.03496,1.03196,FALSE,A,2.65571,0.82569,2.71017,3.20733,Atsuto
14,0.93449,-1.06762,-0.15542,0.25597,FALSE,F,-0.2444,-0.60596,-1.57519,-0.78049,Bob
15,-0.13716,0.98807,-0.47833,0.55327,TRUE,A,-2.87855,2.23037,-1.66909,0.71396,Atsuto
16,1.64086,-0.83674,-0.0888,0.1754,FALSE,F,-0.4667,-0.49664,-3.65289,2.70455,Bob
17,-0.24657,-0.07476,-1.12696,1.02543,FALSE,F,1.91186,-0.11404,3.8505,-0.50942,Jörg
18,-1.39105,1.68688,0.03726,0.04848,TRUE,A,-1.45703,0.62032,-0.60832,1.04426,Bob
19,-2.96708,1.62705,-1.1127,1.19202,TRUE,A,1.18227,1.09713,-2.80811,0.95783,Atsuto
20,-0.67375,1.40739,-1.26911,1.24733,TRUE,A,1.13731,-0.45064,-2.81856,1.74219,Atsuto
21,-1.96784,1.61617,-0.16492,0.32093,TRUE,A,-0.72129,-0.95561,-1.74375,-0.136,Bob
22,0.65774,-0.70778,-0.37127,0.37774,FALSE,F,1.48514,-0.78172,-1.02457,0.49156,Jörg
23,0.15784,-2.24538,-1.03,1.11114,FALSE,F,3.04618,0.12059,3.63352,-2.68136,Jörg
24,-0.474,0.19012,-0.18707,0.25444,FALSE,F,1.38232,-2.18999,1.10641,0.45273,Atsuto
25,-2.09138,0.25866,-0.0818,0.3252,FALSE,E,-0.34057,-1.99291,-2.74888,2.42036,Bob
26,-1.08743,-1.89897,-0.1762,0.25431,FALSE,F,-0.77883,-1.15017,-2.53217,-0.74603,Bob
27,0.08786,1.01337,-0.35291,0.51647,TRUE,A,1.86006,-0.21701,4.078,0.842,Atsuto
28,-1.12978,0.5158,-0.53877,0.66559,FALSE,D,-1.60657,0.01494,-2.58359,-1.38839,Bob
29,-0.16543,-0.70473,-0.46031,0.47043,FALSE,F,-0.60226,-0.8168,-3.16066,2.00106,Bob
30,-1.32451,0.3011,-0.46537,0.56381,FALSE,F,-0.62157,0.32022,1.96216,-1.34681,Atsuto
31,1.09668,-0.9142,-1.16661,1.14514,FALSE,F,2.43236,0.61535,-1.06995,0.47523,Atsuto
32,-0.19837,-0.67116,-0.84637,0.93626,FALSE,F,2.09823,2.29187,1.43991,2.27188,Atsuto
33,-1.64125,0.34392,0.25533,0.03793,TRUE,D,-0.86878,-1.03754,-2.56622,2.83771,Bob
34,-1.12006,-1.07706,0.34025,-0.05196,FALSE,F,-0.43473,-0.9343,0.37978,3.60004,Bob
35,0.10616,0.05749,-1.1927,1.15267,FALSE,F,-0.20049,1.52404,-1.22247,-0.33049,Atsuto
36,-0.17524,-0.15052,-0.67531,0.76837,FALSE,F,0.43079,0.66039,-0.44814,2.50769,Jörg
37,-0.56264,0.07933,0.046,0.2546,FALSE,F,-0.36062,-1.14143,-0.99759,0.89147,Bob
38,-1.81644,2.0342,-1.19615,1.25226,TRUE,A,3.26342,-2.12585,-2.646,2.60103,Atsuto
39,-1.30379,0.63647,0.17536,0.00282,TRUE,B,-1.31071,-1.03741,-0.62314,2.95844,Bob
40,0.87676,0.46489,-0.58704,0.60433,FALSE,Fx,-0.61551,-0.42478,-2.1159,-1.00429,Bob
41,1.4397,-0.17389,-0.93302,0.99692,FALSE,F,1.03803,1.32143,-3.08643,0.89974,Atsuto
42,0.76226,-1.03348,-0.25834,0.50252,FALSE,F,-1.10255,-0.92351,-2.23489,1.13793,Bob
43,2.7511,-1.354,-0.10223,0.28244,FALSE,F,-1.45894,-2.35739,-3.11561,-0.43142,Bob
44,2.34596,-0.9631,-0.0516,0.16404,FALSE,F,0.37327,-2.32186,-1.91248,1.49936,Atsuto
45,0.81662,1.59987,0.20333,-0.0364,TRUE,A,2.81806,0.27961,-1.47327,0.82427,Atsuto
46,1.18802,2.08756,0.10172,0.12908,TRUE,A,-1.01709,-0.74114,-1.84328,0.30839,Bob
47,-2.99311,0.58453,-0.7618,0.76348,FALSE,E,-1.32469,-0.12566,-1.71896,1.4208,Bob
48,-1.08398,-1.10429,-0.21877,0.3426,FALSE,F,2.1644,0.99868,0.71558,-0.95585,Atsuto
49,-0.17204,1.13238,-0.09657,0.21565,TRUE,A,1.25841,2.94007,1.59695,1.91545,Atsuto
50,1.3914,-0.1328,-0.30976,0.49806,FALSE,F,-1.64869,-0.74304,0.39066,0.83939,Bob
51,2.5685,-0.96284,-0.14728,0.35905,FALSE,F,0.44985,0.21633,-0.6498,5.25262,Jörg
52,1.01848,-2.58502,-0.99866,0.91224,FALSE,F,-0.18467,-0.36754,0.23433,0.52235,Jörg
53,-2.38085,1.86357,-0.92834,0.86275,TRUE,A,-2.24266,-0.19563,-1.89433,1.67439,Bob
54,-0.23641,0.32067,-0.3518,0.49477,FALSE,Fx,-2.37672,-1.21596,-1.57632,0.98693,Bob
55,-1.82425,1.09739,-0.01635,0.10208,TRUE,A,-0.6327,-0.75087,-3.07518,0.77131,Bob
56,3.32967,-1.65934,-0.60658,0.64133,FALSE,F,-1.73434,-1.02147,-1.10214,1.93451,Bob
57,0.68155,-1.19906,-0.88359,0.81497,FALSE,F,1.88883,-0.90616,-2.75779,0.2084,Jörg
58,1.84843,-0.83837,0.04493,0.12768,FALSE,F,-1.05462,-0.06601,-3.5348,0.07404,Bob
59,0.9039,1.15982,-0.51144,0.60936,TRUE,A,-1.66871,-1.37419,-2.04076,0.42763,Bob
60,0.29566,-0.28688,0.15898,-0.02886,FALSE,F,-1.30558,-1.45111,-2.44792,1.2596,Bob
61,1.55554,0.66099,0.04078,0.1901,TRUE,B,-1.59448,-0.86625,-2.75147,-1.2635,Bob
62,0.42041,0.40533,-0.5416,0.54928,FALSE,Fx,-1.25703,-1.58464,-2.61084,1.0482,Bob
63,-1.58806,1.0338,-0.66122,0.68908,TRUE,A,-2.38666,-1.73385,-2.21268,0.35901,Bob
64,-0.41053,0.74093,-0.18951,0.20972,TRUE,C,-2.61944,-0.82605,-0.82541,-0.30348,Bob
65,-0.49222,1.3781,-0.25543,0.40402,TRUE,A,0.57355,-0.67487,0.84303,1.13005,Atsuto
66,1.5956,-0.59491,0.20215,-0.0293,FALSE,F,-1.84339,-2.12775,-1.67314,1.02827,Bob
67,0.85574,-1.42629,-0.26678,0.41887,FALSE,F,1.12643,1.4127,-2.13613,-0.78655,Atsuto
68,1.30958,0.023,-0.52209,0.67871,FALSE,F,-1.75227,0.04526,-7.06607,1.7367,Bob
69,0.94582,-0.25983,-0.477,0.72293,FALSE,F,1.33181,1.753,-1.02602,3.45586,Jörg
70,0.43314,-0.6148,-1.04866,1.07886,FALSE,F,2.64438,-0.78173,-2.67895,0.91172,Atsuto
71,-1.24696,1.41737,-0.56761,0.70175,TRUE,A,-1.73656,-0.69332,-2.57376,0.01316,Bob
72,0.40461,-1.55487,-0.86901,0.87608,FALSE,F,-0.91989,2.05141,-2.89398,0.15996,Atsuto
73,-1.94535,-0.88406,-0.5826,0.67535,FALSE,F,-0.81773,-1.15179,-2.52326,2.38629,Bob
74,2.61046,-2.00489,-0.51481,0.74206,FALSE,F,0.55892,-1.24601,-2.98608,3.35652,Bob
75,0.27969,-1.52603,-0.36291,0.49468,FALSE,F,0.76846,0.96963,-2.93209,1.50458,Atsuto
76,-0.88417,0.30527,-0.59991,0.77653,FALSE,Fx,-0.88137,-0.23389,-0.58757,1.4063,Bob
77,0.51368,1.26943,0.08258,0.05329,TRUE,A,-0.07162,-0.64325,-2.71996,0.86584,Bob
78,-0.85468,0.19106,-1.18532,1.0894,FALSE,F,-0.03139,-0.03982,-1.72943,2.12945,Jörg
79,-0.4321,-0.0675,-0.66549,0.6789,FALSE,F,3.177,2.07838,-3.77139,0.87072,Atsuto
80,-0.05115,-0.05134,-0.30256,0.54001,FALSE,F,-0.9873,-0.92374,-2.41002,2.92191,Bob
81,0.22779,-0.52313,-0.46549,0.49536,FALSE,F,-1.99388,-0.24366,-4.04264,-0.30794,Bob
82,-0.57562,1.62027,-0.23755,0.34281,TRUE,A,-0.61799,-0.66908,1.36075,1.19823,Atsuto
83,0.3448,-0.84086,-0.27386,0.41549,FALSE,F,-0.98243,0.49394,-0.84133,-0.40412,Atsuto
84,-0.41418,0.07889,0.20332,-0.02386,TRUE,F,0.93689,1.35861,0.91456,1.00549,Atsuto
85,-0.13939,-0.60543,-0.48602,0.47861,FALSE,F,-0.99083,-0.58975,-2.25442,2.2941,Bob
86,-1.1664,0.83015,-0.80865,0.92813,FALSE,A,1.44517,1.97696,-2.74906,0.15798,Atsuto
87,-0.76555,1.21163,-0.50301,0.53837,TRUE,A,0.1645,-1.41227,-0.45011,1.62239,Bob
88,0.00643,-0.75151,0.16247,0.16043,FALSE,F,0.20666,-0.98661,-2.35961,0.54293,Bob
89,0.57579,-0.66246,-0.29172,0.34654,FALSE,F,-2.09948,-1.36278,-1.2571,1.16396,Bob
90,0.94845,-0.26291,-0.82793,0.85091,FALSE,F,-0.50932,-1.38299,-2.40896,2.26702,Bob
91,-1.59213,1.05108,0.35081,-0.02042,TRUE,A,0.1444,-0.91105,-2.88016,2.97142,Bob
92,-1.21789,0.33372,0.12738,0.13218,TRUE,E,-0.80148,-0.59552,-1.34131,-0.18031,Bob
93,0.39176,-1.41243,-0.7645,0.89678,FALSE,F,0.16875,2.11554,-1.79273,1.14069,Jörg
94,-0.67787,-1.49742,-0.58805,0.67009,FALSE,F,-2.29553,0.77321,1.0622,1.1575,Atsuto
95,-0.4726,-1.1229,-0.97646,1.05159,FALSE,F,0.47854,2.27965,-0.13681,1.29424,Atsuto
96,-1.34576,1.27542,-0.38142,0.44019,TRUE,A,-2.20091,-0.77564,-3.2876,1.22482,Bob
97,-2.95195,1.54567,-0.03479,0.16202,TRUE,A,-0.26945,-1.98009,-3.09449,0.73196,Bob
98,-0.69057,0.2131,-1.12668,1.18144,FALSE,F,0.48989,3.26049,2.09298,-0.26245,Atsuto
99,1.77967,-1.20519,-0.28248,0.28707,FALSE,F,-1.98535,-0.65603,-2.34778,1.73965,Bob
100,1.17173,-0.29053,0.10333,0.10422,FALSE,F,2.75447,-0.32875,-2.03535,0.84852,Atsuto
101,0.03421,-2.29757,-0.88206,0.97576,FALSE,F,1.5823,0.33572,-1.03897,2.307,Jörg
102,0.34915,-0.39268,-0.11671,0.18594,FALSE,F,-1.19724,-1.17775,-0.69157,0.87079,Bob
103,-1.21762,0.11442,-0.20855,0.32248,FALSE,F,-1.19064,0.81736,-1.6015,1.18588,Jörg
104,-1.53361,1.82089,-0.12187,0.17077,TRUE,A,-1.14047,-1.65018,-0.415,-0.94195,Bob
105,-0.95804,-0.71647,-0.75861,0.97184,FALSE,F,0.40132,-0.30956,-1.64058,-0.06512,Jörg
106,2.13452,0.14063,-1.33693,1.25344,FALSE,F,1.653,-0.88736,-1.19283,1.63847,Jörg
107,0.10647,1.47015,-0.12488,0.24925,TRUE,A,-1.89785,-0.92114,-2.6322,0.76252,Bob
108,0.85213,-0.18194,-0.07131,0.16277,FALSE,F,0.81789,0.35416,-0.59932,0.70878,Atsuto
109,0.50751,0.5029,-0.78252,0.87596,FALSE,E,-0.44242,-1.49445,-1.70929,3.28643,Jörg
110,-1.0353,-0.47275,-0.66721,0.72481,FALSE,F,2.59406,-1.15396,4.3029,2.3189,Atsuto
111,-0.73307,1.26175,-0.73108,0.74802,TRUE,A,-0.72672,-1.88003,-1.58124,0.5408,Bob
112,2.43565,-1.90543,0.07999,0.17337,FALSE,F,-0.36642,-1.81633,-1.83803,1.855,Bob
113,1.62353,0.32019,-0.8344,0.81397,FALSE,F,-1.87779,-0.08786,-1.56024,2.23459,Bob
114,2.7711,-2.56316,-0.71854,0.75166,FALSE,F,0.23942,-0.57702,-2.30471,2.23527,Atsuto
115,0.70599,-0.6606,-0.86681,1.03628,FALSE,F,-0.05034,-1.33265,-0.38137,2.07529,Jörg
116,-1.30314,0.13743,-0.51274,0.49653,FALSE,F,0.8853,-0.85543,1.58423,3.18432,Jörg
117,-2.40558,-0.26043,0.089,0.15253,FALSE,F,-0.50814,-0.82693,-1.95672,-0.39333,Bob
118,1.04046,-0.42277,-0.64347,0.69215,FALSE,F,-0.81348,1.55478,2.59975,-0.46943,Atsuto
119,1.30798,2.30008,-1.07008,1.07184,TRUE,A,2.33382,1.09598,-0.98314,1.8007,Atsuto
120,0.52144,-0.05069,-0.17271,0.21514,FALSE,F,-0.87133,-1.15732,-1.83103,0.61405,Bob
121,1.30161,-0.16616,0.11329,0.18974,FALSE,F,-1.12386,-0.49982,-0.70364,2.26865,Bob
122,0.68201,0.63287,-0.9529,1.04614,FALSE,C,-1.66068,0.7346,3.20031,1.77308,Atsuto
123,-0.57947,0.74825,-0.22103,0.48198,TRUE,A,-1.06844,-0.41505,-2.79966,-0.43659,Bob
124,-1.31168,-0.03001,0.10656,0.07948,FALSE,F,0.69121,-0.08407,1.4661,2.94963,Atsuto
125,-1.676,1.87971,-0.75076,0.77282,TRUE,A,-0.36586,-0.2693,1.93703,1.53362,Atsuto
126,0.53665,0.37173,-0.84639,0.79622,FALSE,F,0.95227,0.84312,0.77484,1.2978,Jörg
127,-3.6116,2.2217,-1.32821,1.27707,TRUE,A,2.40347,-0.30133,2.76667,5.14711,Atsuto
128,-2.12081,-0.79959,-0.68744,0.63536,FALSE,F,2.10277,1.47837,1.06187,3.46611,Jörg
129,-1.61636,-0.28855,-0.53562,0.7244,FALSE,F,-0.61028,0.41356,-1.55163,-0.34291,Bob
130,-1.3685,-0.53788,-0.35407,0.5312,FALSE,F,-0.83883,-0.39466,0.40241,2.29541,Bob
131,0.59796,0.05976,-0.70722,0.7511,FALSE,F,-0.84222,-0.97106,-1.77731,1.43308,Bob
132,-0.23772,-1.67824,-0.43853,0.41933,FALSE,F,0.69026,-0.46121,-1.55473,2.19298,Jörg
133,-0.94899,2.09022,-0.0043,0.09025,TRUE,A,2.85598,3.45122,-2.01188,1.89755,Atsuto
134,0.24179,0.4171,0.0984,0.0205,TRUE,E,1.04547,0.51417,-1.06478,-1.11039,Atsuto
135,-0.52636,-0.26378,-0.09144,0.10429,?,F,-0.15787,0.19899,-2.71152,-0.12257,Bob
136,2.44172,0.20055,0.01943,0.0698,TRUE,F,0.18374,-0.34557,-2.54426,-2.69703,Bob
137,1.49514,0.1175,-0.31008,0.44173,FALSE,F,1.1271,0.25139,1.63759,-0.13249,Jörg
138,-0.71169,0.54555,-1.16394,1.17057,FALSE,E,1.50678,0.46255,-1.27455,0.48545,Atsuto
139,-0.58334,0.73154,-0.90388,0.87719,FALSE,C,0.89197,1.72303,1.95179,-1.61614,Jörg
140,-0.72923,-0.18562,-0.80953,0.88726,FALSE,F,-0.33483,-2.55386,-2.96845,1.75573,Atsuto
141,-1.77377,0.52621,0.2637,-0.02745,TRUE,C,-1.36674,-1.43386,-4.87915,0.38338,Bob
142,0.16517,-0.05494,-0.47168,0.48782,FALSE,F,-1.35147,-1.21671,-1.70757,1.24593,Bob
143,0.16488,0.34402,-0.94593,1.02225,FALSE,Fx,3.70498,0.44964,1.447,2.29786,Atsuto
144,-0.01109,0.55893,-0.35381,0.45448,TRUE,D,-1.94106,-0.94553,0.65549,1.18644,Bob
145,-0.09096,-0.8647,-0.80468,0.82801,FALSE,F,-0.01408,-0.91172,-0.96853,-0.15426,Bob
146,0.67188,-0.63531,-0.62961,0.73253,FALSE,F,1.7005,0.36769,-1.18208,2.87902,Jörg
147,-1.85398,0.45068,-0.06403,0.36291,TRUE,C,-2.20696,-0.94902,-2.25776,2.49655,Bob
148,-1.17364,-0.65217,-1.08268,1.1431,FALSE,F,-0.83747,1.43456,-1.0848,-0.56844,Atsuto
149,-1.42463,-0.50345,0.10464,0.00345,FALSE,F,-0.08828,-1.6046,-1.28738,1.32346,Atsuto
150,-2.06238,1.05831,-0.79044,1.01343,TRUE,A,-0.81754,0.25094,-0.75618,4.13421,Jörg
151,-1.96722,1.34477,-0.95343,0.97078,TRUE,A,1.39762,1.0646,1.00123,0.70043,Atsuto
152,-1.11699,2.58115,-1.41217,1.37897,TRUE,A,0.26213,1.25617,-1.14799,3.12078,Jörg
153,-0.09561,0.73444,-0.57187,0.68937,TRUE,B,-0.14413,-0.79908,-1.74555,1.37255,Bob
154,0.3283,0.82568,-1.15233,1.11833,FALSE,C,1.84909,2.65744,-2.37169,2.41555,Atsuto
155,-0.96695,0.96483,-0.57951,0.57943,TRUE,A,-1.38425,-1.21262,-3.48371,2.00588,Bob
156,2.58891,-0.98354,-1.15155,1.16326,FALSE,F,0.59063,0.99649,-2.68876,1.92174,Atsuto
157,-0.12356,0.43666,-0.31815,0.46372,FALSE,E,-0.99847,2.83507,-0.42417,0.68685,Atsuto
158,0.0654,-1.80573,-0.41536,0.623,FALSE,F,-1.40234,-1.21105,-1.18093,-0.37109,Bob
159,-3.17997,1.36925,-0.69182,0.73341,TRUE,A,2.25455,-1.31427,-0.07174,0.51715,Atsuto
160,1.65699,-0.85242,0.06045,0.12182,FALSE,F,1.39934,-0.27295,-1.91374,2.6302,Atsuto
161,0.14277,0.90641,-0.8003,0.78563,TRUE,B,-0.93602,-1.59318,0.13438,1.68329,Bob
162,0.14963,-0.06721,-0.51381,0.66562,FALSE,F,-0.4925,-0.98673,-4.83275,0.9814,Bob
163,0.75434,0.65646,0.04652,0.21936,TRUE,A,-0.9724,-1.33729,-1.89976,2.51465,Bob
164,0.8915,0.07155,-0.76603,0.73672,FALSE,F,-0.46019,-0.58839,-2.77696,1.05189,Bob
165,0.34687,0.84285,-0.2636,0.42334,TRUE,A,0.19812,0.59037,-1.34619,0.6017,Atsuto
166,-1.69378,-0.27272,-0.27248,0.37665,FALSE,F,0.78019,-0.21396,3.35983,-0.37816,Jörg
167,-1.8927,1.63806,-0.10652,0.23594,TRUE,A,1.01158,2.11099,0.56865,3.11201,Atsuto
168,-1.29325,0.07035,-1.09274,1.17053,FALSE,F,1.40826,1.6064,-0.37461,0.80759,Jörg
169,-1.06645,0.67114,-0.32162,0.52573,TRUE,B,-0.33376,-0.34882,-1.05735,1.47898,Bob
170,1.29404,-0.57929,0.20792,0.04899,FALSE,F,-1.61603,-0.74912,-1.20872,-0.07183,Bob
171,-1.02617,-0.20982,-0.33859,0.45576,FALSE,F,-0.86218,-1.78112,-0.30486,1.10113,Bob
172,-2.07121,-0.86294,-0.91027,0.90506,FALSE,F,0.37889,3.39465,-2.9083,-0.2671,Atsuto
173,1.10809,0.12881,-1.12322,1.15443,FALSE,F,1.04006,2.05892,0.68238,1.07089,Atsuto
174,-0.65307,-1.62732,-0.32032,0.51753,FALSE,F,-0.37502,0.13927,-0.46447,1.14706,Bob
175,-1.61705,1.86088,-0.31541,0.46926,TRUE,A,2.65652,0.96775,0.2217,1.46851,Atsuto
176,0.10569,0.70351,-0.96285,1.05626,FALSE,C,1.72732,1.32898,1.65124,-1.10025,Atsuto
177,-0.30751,-0.96825,-0.47446,0.48192,FALSE,F,-0.13993,-0.2521,-0.46435,1.11571,Bob
178,0.26171,-0.07121,0.12831,0.15929,FALSE,F,-1.59932,-1.89523,-1.80152,0.13221,Bob
179,-0.5468,2.1858,-0.53168,0.66257,TRUE,A,3.42711,1.00773,-0.48743,0.1111,Atsuto
180,-2.1076,-0.39271,-1.18071,1.33614,FALSE,F,1.16285,-2.00319,1.99076,0.10769,Jörg
181,0.12325,-0.5374,-0.33432,0.58773,FALSE,F,-1.30269,-0.14908,-1.89724,2.65236,Bob
182,-0.82271,1.96902,-0.27841,0.53528,TRUE,A,0.33127,-1.27922,-2.94438,0.94044,Bob
183,0.47772,-0.94012,-0.6746,0.7336,FALSE,F,-0.5143,-1.0319,-3.80503,-0.05631,Bob
184,-0.87763,0.98481,-0.87162,1.03378,FALSE,A,0.44552,-0.52554,2.53048,-1.23116,Jörg
185,-0.46081,0.31305,-0.62281,0.62812,FALSE,F,-0.17795,-1.40758,-2.67358,1.35402,Bob
186,-0.24792,-0.03301,0.2387,0.0498,FALSE,F,-0.96125,-1.35345,-4.91785,0.65049,Bob
187,-1.48338,0.2814,-0.60619,0.65031,FALSE,F,-0.80058,-1.65413,-1.99433,2.21481,Bob
188,-0.24897,-2.54942,-0.03582,0.1938,FALSE,F,-1.83826,-0.09058,-2.23568,1.3161,Bob
189,-0.83273,-0.21387,-0.67197,0.82233,FALSE,F,-0.39161,-0.98408,0.4939,1.33001,Bob
190,-1.34995,-0.03158,-0.1455,0.37833,FALSE,F,0.2244,-1.66514,-2.92513,1.05261,Bob
191,0.08497,0.56955,-0.76533,0.83361,FALSE,D,-0.04103,0.64409,-0.39502,2.6564,Jörg
192,1.38424,-1.13546,-0.00137,0.17181,FALSE,F,-0.60917,-0.13438,0.44749,0.34612,Bob
193,1.23509,-0.51016,-0.17731,0.38253,FALSE,F,-1.82061,-1.57098,-3.57007,2.49115,Bob
194,0.38083,-0.39322,-0.65774,0.64452,FALSE,F,-2.56074,-1.51326,-2.6886,-0.4362,Bob
195,2.21357,-0.99452,-1.4397,1.38383,FALSE,F,2.33697,0.03232,-1.44612,2.03399,Jörg
196,1.54483,-0.05304,-0.10766,0.37873,FALSE,F,-1.64756,-0.48926,-2.08157,2.00389,Bob
197,1.03859,1.0216,-0.98495,1.01017,TRUE,A,1.73237,1.61432,1.75748,0.89555,Atsuto
198,-0.64193,-1.57923,-1.30647,1.26031,FALSE,F,-0.14741,0.66196,-1.00072,-0.26592,Atsuto
199,2.11044,-0.34212,-0.20988,0.46136,FALSE,F,-1.24198,-0.62392,-0.67279,3.98031,Bob
200,0.28395,-0.6564,-0.82342,0.78502,FALSE,F,-0.24641,0.5615,-3.00994,0.31005,Bob
201,-0.40762,-1.23539,-1.30818,1.26232,FALSE,F,-1.46782,1.80122,3.44933,1.79506,Atsuto
202,-1.78275,0.76531,-0.01977,0.16517,TRUE,A,-0.61418,-1.21541,-2.04292,2.52205,Bob
203,0.33713,-0.44676,-0.61748,0.6509,FALSE,F,2.05136,-0.11613,3.73114,3.0461,Atsuto
204,-2.1101,-1.42201,-1.37562,1.32071,FALSE,F,0.27788,0.75199,1.4863,0.59916,Jörg
205,-1.13103,-0.51935,-0.39526,0.42838,FALSE,F,-1.4567,-0.2786,-0.76134,0.70735,Bob
206,2.98567,-2.14153,-0.62267,0.76342,FALSE,F,0.8624,0.69701,-3.0327,2.13064,Atsuto
207,0.35548,0.73379,-1.40396,1.33778,FALSE,D,2.18102,-0.49658,-0.79448,0.64555,Jörg
208,1.0816,-1.40399,-1.04959,1.09947,FALSE,F,0.24911,0.55655,-1.52228,1.04488,Atsuto
209,-0.47613,-0.47317,-0.44502,0.63377,FALSE,F,-0.67098,-1.44543,-2.48765,-0.15553,Bob
210,1.26306,-0.40346,-1.1748,1.25706,FALSE,F,0.1857,0.91324,4.2033,,Jörg
211,0.69376,-0.68736,-1.23233,1.1891,FALSE,F,1.86217,1.47144,-1.56458,1.68777,Atsuto
212,1.05948,-1.66889,-0.50864,0.54087,FALSE,F,-0.63745,-0.85191,-0.3004,1.01869,Bob
213,0.29699,-1.34483,-0.51492,0.66703,FALSE,F,2.09361,2.67592,-1.66347,-0.01367,Atsuto
214,-0.36456,-0.38991,-0.82006,0.74535,FALSE,F,0.70073,0.74056,3.03569,1.23693,Jörg
215,0.07758,0.04012,-0.30073,0.51309,FALSE,F,0.06257,2.29805,3.31406,0.65735,Jörg
216,-1.3977,-0.28877,-0.2107,0.46599,FALSE,F,1.94536,0.91419,3.98742,-2.2017,Jörg
217,0.06264,0.70602,-1.23033,1.25947,FALSE,C,1.78691,2.37002,-0.84383,-1.50583,Atsuto
218,0.21549,-0.03674,0.0499,0.1133,FALSE,F,-2.19605,0.05976,-1.28694,1.50502,Bob
219,-2.91637,1.63124,-0.92818,0.98438,TRUE,A,-0.57055,0.83526,-2.31104,1.32426,Atsuto
220,1.07636,-0.35583,-0.4145,0.54974,FALSE,F,1.58572,-0.19942,-2.17806,2.93006,Jörg
221,-0.64052,-0.45792,-0.45339,0.53796,FALSE,F,-0.38676,0.62979,-0.76976,-0.15413,Bob
222,0.34579,0.39109,-0.4837,0.63807,FALSE,E,0.29237,1.75477,1.32919,0.66425,Atsuto
223,1.2305,-2.1143,-0.44489,0.45217,FALSE,F,-1.638,-2.8557,-2.95214,1.13239,Bob
224,-0.32891,-0.67981,-0.69186,0.68749,FALSE,F,-1.65233,-0.5435,-5.49745,2.54434,Bob
225,1.47311,-1.15915,-1.05305,1.21172,FALSE,F,1.6653,-0.50473,-1.53519,1.40515,Jörg
226,0.52758,0.98341,-0.48586,0.60617,TRUE,A,1.37713,-0.28888,-1.13084,1.70801,Atsuto
227,-0.27627,0.04514,-1.11351,1.09817,FALSE,F,1.28145,0.95948,-0.0727,2.19151,Jörg
228,1.57134,1.03908,0.06416,0.08005,TRUE,A,-0.24312,2.10901,-0.02489,2.01484,Atsuto
229,2.41989,-0.82704,-1.24801,1.24999,FALSE,F,1.8776,1.36168,2.83251,2.43162,Atsuto
230,-2.23848,1.43196,0.06855,0.02217,TRUE,A,-0.52155,-1.68448,-2.17817,2.08276,Atsuto
231,-0.29588,-0.75916,-1.22447,1.19277,FALSE,F,-1.57127,1.58157,2.19049,0.42949,Atsuto
232,0.37878,0.11943,-0.95842,0.89167,FALSE,F,-0.58918,-0.67471,0.73488,-2.29866,Jörg
233,-1.15208,-0.77433,-0.23029,0.39839,FALSE,F,1.69644,0.50237,-0.09863,1.12609,Atsuto
234,1.05646,0.04573,-0.16604,0.28779,FALSE,F,-0.58898,-1.12286,0.84193,-0.33852,Bob
235,0.48134,-0.06869,0.33857,-0.0291,FALSE,F,-1.0843,0.00395,-0.92922,0.00458,Bob
236,-1.16781,-0.6443,-0.07175,0.25437,FALSE,F,0.77599,0.71757,-4.42946,2.88121,Atsuto
237,0.17335,-0.78244,0.14051,-0.0025,FALSE,F,-0.75443,-2.34043,-1.41321,1.02186,Bob
238,-2.39769,-0.14791,-0.66459,0.74773,FALSE,F,-0.72322,-0.52074,-0.822,-0.55657,Bob
239,1.49012,-0.95783,-0.4739,0.54088,FALSE,F,0.86629,0.68902,4.13813,1.47491,Atsuto
240,1.90552,-0.48428,-0.91318,0.92328,FALSE,F,-0.15507,1.33131,1.11609,1.99313,Atsuto
241,2.73772,-0.91861,-0.16727,0.30217,FALSE,F,0.14324,0.06435,3.42063,2.96268,Atsuto
242,1.70673,1.54869,-0.42822,0.45336,TRUE,A,-0.08201,-0.84651,-1.86326,0.42446,Bob
243,-0.25602,0.70605,-0.3397,0.41072,TRUE,C,-0.12122,1.97347,-0.99914,4.25446,Jörg
244,0.76719,-0.04829,-0.21129,0.38658,FALSE,F,-0.7427,-2.18727,-1.41997,3.24052,Jörg
245,2.2029,-0.86455,-0.86869,0.79411,FALSE,F,-0.76581,-0.65448,-3.47676,1.67146,Bob
246,-1.20871,-0.3251,-0.42336,0.46071,FALSE,F,-0.16528,-1.95534,-1.40982,0.78418,Bob
247,0.60738,0.08002,-0.93826,1.1123,FALSE,F,1.66473,0.89544,-0.50238,2.54395,Jörg
248,1.42998,1.43446,0.23094,0.0178,TRUE,A,-2.09189,-1.70009,-3.73313,0.78288,Bob
249,-0.79369,-1.09915,-0.32654,0.39805,FALSE,F,1.85713,1.66118,-2.35411,2.98508,Jörg
250,-0.62565,0.40137,-0.36412,0.35917,TRUE,F,-1.05044,1.83658,0.03057,-0.85564,Jörg
251,2.96661,-1.22365,-0.75429,0.76024,FALSE,F,-0.4785,-1.03727,-1.40519,1.63281,Bob
252,-1.4151,0.22211,-0.05128,0.09416,TRUE,F,-0.11461,-1.07434,-3.51608,2.41636,Bob
253,-0.30081,-0.83308,-0.5479,0.70853,FALSE,F,-0.0509,-1.16294,-2.03522,1.65798,Bob
254,2.8744,-0.60139,0.03799,0.18293,FALSE,F,-1.33655,0.03388,-2.56478,2.68901,Bob
255,2.22057,-1.71987,-0.03458,0.22663,FALSE,F,1.5055,3.81223,3.73561,2.07543,Atsuto
256,0.74041,0.71612,-0.94327,0.95816,FALSE,C,0.29745,1.34565,2.02523,1.35884,Atsuto
257,-1.32362,0.03815,-0.22121,0.44742,FALSE,F,-1.11024,-1.1197,-2.18888,-0.46038,Bob
258,-1.28199,-0.40666,-0.64377,0.76646,FALSE,F,0.83489,1.15979,-0.87889,0.44538,Atsuto
259,-0.20339,1.73184,0.26158,0.04885,TRUE,A,-0.28099,-0.90716,-2.48361,1.26364,Bob
260,-0.8498,0.61284,-0.08158,0.21325,TRUE,C,2.87173,0.31256,1.69268,1.67884,Atsuto
261,-1.85418,-0.22403,-1.01324,1.09428,FALSE,F,4.18742,1.83816,2.49739,0.38075,Atsuto
262,-1.89862,1.38852,0.10706,0.06013,TRUE,A,3.65194,2.27208,2.96669,0.2784,Atsuto
263,1.08545,-0.57097,-0.40415,0.51688,FALSE,F,-2.23637,-1.33822,-2.48485,1.90715,Bob
264,2.20839,0.06866,0.02914,0.27628,FALSE,F,-1.50472,-1.16385,-0.99154,2.13557,Bob
265,0.87635,-0.44546,-0.41375,0.51511,FALSE,F,-0.75942,-2.15491,-2.67909,2.55554,Bob
266,-0.5422,-0.82795,-0.82706,0.96647,FALSE,F,0.53326,0.16295,-0.77883,0.35006,Jörg
267,0.95513,-0.02314,-1.39071,1.34658,FALSE,F,1.91596,-0.23315,-2.42244,1.51567,Jörg
268,-1.30458,0.62853,-0.69085,0.8074,FALSE,C,2.49937,3.9846,-2.63594,1.92562,Atsuto
269,1.15513,-0.28442,-0.74717,0.84283,FALSE,F,-0.22972,-1.06404,-3.96417,1.86708,Bob
270,-1.00697,1.3267,-0.40179,0.66567,TRUE,A,-0.57055,0.04934,-2.27427,4.44239,Jörg
271,0.93249,1.75961,-0.46121,0.59122,TRUE,A,-1.09,1.76317,-2.27945,1.05899,Atsuto
272,1.71413,-0.30012,-0.7195,0.86885,FALSE,F,2.76298,-1.72869,-1.2233,0.89928,Jörg
273,0.15688,0.65472,-1.1044,1.10239,FALSE,D,0.21313,-0.81107,5.30439,1.2087,Atsuto
274,-1.44764,-0.61233,-0.08084,0.18276,FALSE,F,3.03881,0.14223,3.34385,2.69131,Atsuto
275,3.73543,-1.15823,-1.22078,1.2495,FALSE,F,2.46597,0.67307,-1.81153,1.38933,Jörg
276,0.14667,0.37529,0.24085,0.08841,TRUE,C,-1.76977,-0.08334,-2.0946,-0.63272,Bob
277,0.40416,-1.21685,-0.13867,0.28015,FALSE,F,5.17998,1.66828,-2.95816,0.6891,Atsuto
278,2.41242,-0.55124,-0.31639,0.44395,FALSE,F,1.24132,-1.08339,-1.58136,2.23251,Jörg
279,0.6487,0.98905,-0.57306,0.60193,TRUE,A,-1.45361,1.26147,-1.65987,-0.08031,Atsuto
280,0.18598,0.18229,0.00472,0.19044,FALSE,F,-0.33494,-1.96187,-2.00933,1.40868,Bob
281,0.54597,-0.76145,-0.54416,0.79289,FALSE,F,-0.80434,-1.35699,2.26688,-0.43462,Bob
282,1.42813,-0.62427,-0.78649,0.88493,FALSE,F,0.71074,0.55891,-1.70898,1.89082,Jörg
283,-1.40409,-1.92369,-0.55755,0.59957,FALSE,F,1.81207,-0.70159,-1.90484,1.93993,Jörg
284,1.21465,-0.77756,-0.28523,0.49493,FALSE,F,-0.37434,-0.3984,-4.28361,0.99841,Bob
285,1.72975,-1.06918,-0.55848,0.71606,FALSE,F,-1.621,-1.271,-2.12352,1.52989,Bob
286,-0.30443,0.24433,0.30977,0.02431,TRUE,E,-0.86232,-0.04927,-1.75858,0.3563,Bob
287,-2.10825,0.86216,-0.73241,0.79109,TRUE,A,-2.79697,0.44833,-1.80327,2.00604,Atsuto
288,-0.72288,-0.76125,-0.6233,0.68884,FALSE,F,-1.59638,-0.84526,-2.00482,1.21785,Atsuto
289,1.54491,-0.89825,-0.43894,0.43659,FALSE,F,-1.29325,0.42693,-3.22207,0.94368,Bob
290,2.80883,-1.31055,-0.36777,0.5563,FALSE,F,-0.43424,-0.38568,-3.30929,-3.01643,Bob
291,0.40233,-0.17421,-0.81631,0.91502,FALSE,F,3.36997,1.61733,0.33348,2.95418,Jörg
292,-1.21967,0.56762,-0.52328,0.53358,TRUE,E,2.33559,-0.3556,-0.6553,1.24876,Jörg
293,1.2247,-1.18471,-0.98401,1.02521,FALSE,F,-0.411,1.87012,2.44173,-1.02027,Atsuto
294,-0.05354,0.82858,-0.94703,1.10721,FALSE,A,0.69544,-1.08159,-0.30122,1.49349,Jörg
295,-0.68064,0.68479,-0.58758,0.72491,FALSE,B,-0.58063,-0.46016,-1.2011,-1.40218,Bob
296,0.85068,0.01994,-0.85353,0.84259,FALSE,F,-1.47332,-1.86726,0.4397,1.30722,Bob
297,1.87824,-0.87024,0.15958,0.0512,FALSE,F,-1.40199,-1.91695,-2.36545,-1.69105,Bob
298,1.12938,-0.85648,0.10187,0.07406,FALSE,F,-1.22957,-1.5263,-2.60416,0.916,Bob
299,0.18977,1.23796,-1.12677,1.16525,TRUE,A,4.29911,-1.35087,-2.84273,1.2794,Atsuto
300,-1.30789,0.80075,-0.50468,0.48007,TRUE,C,-0.32755,-1.67228,-1.23998,1.61276,Bob
301,-1.65632,0.73869,-0.9464,0.97981,FALSE,C,-0.6801,2.6265,-2.33833,0.33431,Atsuto
302,1.04145,-0.08139,0.12567,0.08953,FALSE,F,1.66849,1.90361,3.86561,1.49778,Atsuto
303,3.0466,-1.52092,-0.68308,0.69525,FALSE,F,2.18753,0.46572,-0.30055,0.46465,Jörg
304,0.36624,0.86865,-0.01741,0.14426,TRUE,A,0.16956,-1.88298,-1.39549,0.32644,Bob
305,0.4413,-1.97802,-0.47832,0.53595,FALSE,F,2.20731,2.79272,-0.28765,1.08545,Atsuto
306,-0.00623,0.279,-0.79581,0.81586,FALSE,F,-1.30628,-0.68212,-2.42053,-0.72241,Bob
307,-0.90385,-0.62184,-1.13931,1.20279,FALSE,F,0.16693,0.09454,5.51958,2.1749,Atsuto
308,0.29969,-0.08545,-0.15797,0.37787,FALSE,F,1.18897,1.06082,3.51942,-0.64166,Jörg
309,0.26815,3.36755,0.28102,0.00222,TRUE,A,-0.26133,-0.99875,-4.53498,3.0127,Bob
310,0.31961,-0.88964,-0.41453,0.46959,FALSE,F,-0.80316,0.56348,-2.21015,1.47991,Atsuto
311,-0.47207,1.13005,-0.42671,0.56065,TRUE,A,0.5581,1.85439,-1.77932,1.19537,Atsuto
312,-2.48142,0.94016,-0.99821,0.97418,FALSE,A,1.5949,-1.1611,0.01208,0.10729,Jörg
313,-2.38278,1.11871,0.1951,0.05905,TRUE,A,-0.34881,-1.58222,-2.18002,1.68609,Bob
314,-0.32442,-0.15962,-0.08167,0.09295,FALSE,F,-0.65006,-1.23263,-0.60253,-0.22431,Bob
315,-1.7109,1.88216,0.19944,0.11727,TRUE,A,-1.52189,-0.5676,-2.63639,2.03699,Bob
316,0.33435,0.67863,-0.13204,0.31715,TRUE,B,1.26908,0.67311,2.35309,0.30204,Jörg
317,-0.47587,-0.41293,-0.82544,0.83461,FALSE,F,1.44158,0.21998,-2.27891,2.43551,Jörg
318,0.38334,-0.03792,-0.40548,0.43115,FALSE,F,-0.49327,-1.20579,-1.36504,2.34124,Bob
319,0.47834,-1.27304,-1.19385,1.25013,FALSE,F,2.54091,0.03648,-1.05803,0.35131,Atsuto
320,-1.9052,-0.24788,0.31297,0.01495,FALSE,F,-0.1553,-1.765,-2.04855,0.73884,Bob
321,0.80579,0.91491,-0.29119,0.36173,TRUE,A,-1.26091,-0.25388,-3.8711,0.94838,Bob
322,1.49119,-0.1603,-1.11077,1.09511,FALSE,F,2.53602,0.21846,0.08494,1.48713,Atsuto
323,-2.27,0.55269,-0.04462,0.19033,TRUE,D,-1.07938,-0.92409,-3.73218,2.34185,Bob
324,1.32333,-1.73447,-0.41783,0.65154,FALSE,F,-1.47889,-0.53325,-1.73158,1.75059,Bob
325,-0.8132,-0.92889,-0.45759,0.62476,FALSE,F,-1.2071,-0.59003,-2.7631,0.44824,Bob
326,-1.2942,-0.23705,-0.39889,0.55765,FALSE,F,2.53316,0.21013,-0.76426,-0.62001,Atsuto
327,-1.58508,-0.44733,-0.32191,0.45485,FALSE,F,-0.62321,-1.03347,-2.75732,-0.29344,Bob
328,-1.12826,1.04924,-0.66729,0.65342,TRUE,A,-0.79669,-1.19719,-2.17316,0.66273,Bob
329,-0.05751,-0.7648,0.3523,-0.05708,FALSE,F,-0.48652,-1.66931,-4.51002,1.76909,Bob
330,-0.90429,-0.93178,0.17889,0.02504,FALSE,F,-1.89919,-0.98136,-2.23369,-1.34175,Bob
331,-4.19965,0.33663,-0.24107,0.33982,FALSE,Fx,-1.23034,0.24318,0.15561,0.77045,Bob
332,-2.08422,1.39494,-0.37711,0.4779,TRUE,A,2.36421,3.39195,0.58363,1.43338,Atsuto
333,-1.40732,0.56953,-0.59292,0.81539,FALSE,C,-0.32577,-0.56967,-1.38038,3.19389,Jörg
334,-0.07073,0.96587,-0.68031,0.8063,TRUE,A,-2.04602,3.55119,4.63574,3.63649,Atsuto
335,0.16509,1.12888,0.08841,0.0523,TRUE,A,0.75876,0.80842,1.29223,2.26808,Atsuto
336,-0.43288,0.62628,-0.19909,0.28345,TRUE,C,-0.7344,-0.58904,-1.16463,-0.10545,Bob
337,-0.47854,-0.65035,-0.48617,0.51425,FALSE,F,-0.54792,-1.11416,-1.00513,2.75518,Bob
338,-0.61932,0.45012,0.03347,0.15916,TRUE,D,0.59924,-1.20649,-1.65823,1.38123,Atsuto
339,-1.888,0.12625,-0.31237,0.35722,FALSE,F,-1.43352,-1.31562,-0.83669,1.09279,Bob
340,-1.56479,-0.72647,-0.70555,0.69969,FALSE,F,-0.75052,-2.28635,-2.54305,1.11621,Bob
341,-1.04929,-0.84004,-0.09361,0.18306,FALSE,F,-0.36682,-1.63727,-1.73881,2.0437,Bob
342,0.2685,0.08663,-0.06029,0.16531,FALSE,F,-0.50914,-0.33056,-0.99536,3.63599,Bob
343,-2.77051,0.31253,-0.06843,0.3053,TRUE,E,-2.77707,-0.24998,-2.13924,1.33975,Bob
344,-0.06412,-0.23294,-0.52426,0.50047,FALSE,F,-0.68569,-0.62423,-1.50929,0.43267,Bob
345,-0.03502,1.9107,-0.43371,0.55624,TRUE,A,0.32294,-0.46781,3.45317,1.11611,Atsuto
346,0.50168,-0.90343,0.13628,0.16888,FALSE,F,-0.15049,-1.3477,-1.28457,-0.42115,Bob
347,0.10816,-0.75395,-0.52947,0.5417,FALSE,F,-1.69344,-0.0172,-1.18582,0.4104,Bob
348,-0.14469,-0.65574,-0.37394,0.52393,FALSE,F,-2.13869,-0.90934,-2.49961,1.42644,Bob
349,2.66696,-0.35328,0.19682,0.08951,FALSE,F,-1.71502,-0.80717,-1.56713,1.57121,Bob
350,-1.12621,0.13705,-0.83536,0.92399,FALSE,F,-3.13892,2.04671,2.75412,1.1705,Atsuto
351,0.92935,-0.66025,-0.59469,0.77835,FALSE,F,0.12617,-1.07936,-0.4091,0.43613,Bob
352,0.38184,-0.4753,-0.75208,0.76042,FALSE,F,2.54368,0.17163,-3.19657,1.07173,Jörg
353,-2.42856,0.09177,-0.0408,0.20976,FALSE,F,0.49039,-0.20031,-1.8064,1.82948,Bob
354,-0.34832,-0.9274,-0.5716,0.7243,FALSE,F,1.88077,-0.87044,-1.03572,1.7447,Jörg
355,0.60866,-0.03204,-0.36117,0.38499,FALSE,F,-0.45686,-0.43121,-3.42938,0.72993,Bob
356,0.83124,-2.50293,-0.84984,1.03956,FALSE,F,1.45038,-0.24055,-0.96252,1.33519,Jörg
357,-0.4396,0.74389,-0.43701,0.43671,TRUE,C,-0.76844,-0.5774,-2.49508,0.05152,Bob
358,0.69172,1.02581,-0.43896,0.39712,TRUE,A,0.90254,1.59963,-2.47545,-1.53883,Jörg
359,-1.98113,0.60004,-0.88407,0.79811,FALSE,E,0.94361,0.75681,2.03676,0.45057,Jörg
360,-1.02022,0.72261,-0.44406,0.48236,TRUE,C,0.05373,1.52776,0.03356,0.49515,Atsuto
361,1.1996,-0.59839,-0.26267,0.2734,FALSE,F,-0.10248,-0.8966,-2.42723,0.26483,Bob
362,1.3975,1.13149,-0.38021,0.34311,TRUE,A,-0.52691,-0.83502,-1.11603,3.26283,Bob
363,2.13898,-0.86148,-0.15712,0.31616,FALSE,F,0.80092,0.6397,-1.69402,0.18746,Atsuto
364,-0.82723,-0.70428,-0.34889,0.48532,FALSE,F,2.36045,1.26724,4.33769,1.99276,Atsuto
365,-1.72199,-0.71243,-1.0331,1.18252,FALSE,F,0.09727,-0.27724,-0.66884,2.84782,Jörg
366,-1.05994,2.2072,-0.84155,0.85316,TRUE,A,1.97636,1.80918,1.19473,1.56694,Atsuto
367,0.33788,-0.93682,-0.0323,0.13465,FALSE,F,-1.11369,-1.89973,-0.62759,2.55199,Bob
368,-0.34508,0.73044,-0.00255,0.23525,TRUE,A,0.65857,0.15226,-1.24916,0.90595,Bob
369,-0.61439,0.44516,-0.24594,0.47657,FALSE,D,-1.1101,-1.62513,-2.94012,1.08912,Bob
370,-2.01741,1.07486,-0.68236,0.83223,TRUE,A,0.91279,0.37134,-1.36094,3.22593,Bob
371,2.29866,-0.54365,-1.23028,1.19002,FALSE,F,0.72975,2.10027,-2.11951,-0.75554,Atsuto
372,0.68673,-1.53271,-0.34071,0.55069,FALSE,F,0.79455,-0.14,-0.7554,-0.08569,Jörg
373,-0.91073,-0.28803,-0.28938,0.26434,FALSE,F,0.1524,-1.17464,-0.95217,1.35665,Bob
374,-0.20471,-2.55552,-0.63356,0.73622,FALSE,F,-1.41692,-1.61404,0.8104,0.68666,Bob
375,-1.47087,0.73836,0.23198,-0.00303,TRUE,A,3.47686,0.49078,-2.72981,2.17086,Atsuto
376,-1.36001,-0.41828,-0.60703,0.65292,FALSE,F,-1.87921,-1.92101,-2.18437,1.11789,Bob
377,1.14205,-0.22442,-0.74272,0.82148,FALSE,F,-0.74832,-1.00102,3.17242,4.57897,Atsuto
378,0.48197,-0.27784,-0.39878,0.59835,FALSE,F,-1.5606,-0.03248,-0.87791,-0.38097,Bob
379,-0.94048,-0.21276,-0.68766,0.76458,FALSE,F,-0.39337,2.41629,-1.60311,1.44472,Atsuto
380,-1.26631,-0.12666,-0.29073,0.30374,FALSE,F,-1.68793,-0.06604,-1.95687,0.49781,Bob
381,0.8497,0.84814,0.17586,0.02291,TRUE,A,-0.01927,-0.97471,-6.59065,2.29149,Bob
382,-0.37626,0.16277,0.0595,0.04445,TRUE,F,0.22269,0.96511,0.88279,2.07995,Atsuto
383,2.1564,0.30981,-0.62348,0.66087,FALSE,F,2.43472,0.42309,-1.75583,1.61755,Jörg
384,-1.71708,0.88889,-0.6719,0.79697,TRUE,A,-0.01324,2.75881,0.65773,1.13874,Atsuto
385,0.44102,0.12267,-0.24466,0.51899,FALSE,F,-0.16065,-1.5045,-1.67104,0.35359,Bob
386,-0.67981,0.259,-0.31768,0.37614,FALSE,F,-0.53584,-1.2649,-4.45756,1.36133,Bob
387,1.11107,1.05247,-0.03784,0.23063,TRUE,A,-1.37096,-0.83667,-1.99168,0.32624,Bob
388,-5.18564,0.88564,-0.68675,0.64397,TRUE,B,0.75596,-0.79934,-3.6332,2.92558,Bob
389,1.73876,-0.52375,-0.44543,0.48475,FALSE,F,-1.35644,-0.99755,0.29976,0.88827,Bob
390,-0.11487,1.60721,-0.43063,0.52606,TRUE,A,1.94326,1.73481,2.63471,1.1688,Atsuto
391,2.96043,-0.58823,-0.36659,0.34028,FALSE,F,-1.07249,-2.00944,-2.84077,2.13487,Bob
392,-2.24849,0.21617,-0.15975,0.19095,TRUE,F,-2.18482,-0.42331,-2.4749,0.6448,Bob
393,-1.60218,-0.10776,-0.98663,1.07033,FALSE,F,0.43145,-0.96349,-2.77278,2.38132,Atsuto
394,-1.43838,1.45339,0.03748,0.10755,TRUE,A,-1.03556,-0.47812,-2.97102,1.30108,Bob
395,-1.4767,0.03377,-0.05329,0.14531,FALSE,F,2.13489,3.03597,1.50562,0.66278,Atsuto
396,-1.02532,0.12291,-1.18515,1.26601,FALSE,F,2.17107,-1.55102,-0.98489,0.39455,Atsuto
397,1.27979,0.38866,-0.96594,0.97965,FALSE,Fx,0.52202,-0.70111,-0.10872,1.34608,Jörg
398,0.32545,0.13153,-0.59702,0.54729,FALSE,F,0.37866,-1.58835,0.18774,1.28422,Bob
399,-0.49789,0.06939,-0.50692,0.53229,FALSE,F,0.87799,0.1498,-0.57811,1.63122,Jörg
400,-3.65494,0.30756,-0.63701,0.76741,FALSE,Fx,1.16543,-0.66733,0.51381,1.00674,Atsuto
401,0.49496,1.17242,-0.00597,0.23061,TRUE,A,-1.58514,-2.09923,-2.7508,1.61779,Bob
402,-1.23634,-1.06439,-0.49618,0.6671,FALSE,F,0.42226,1.48834,0.09177,4.6205,Jörg
403,-2.12416,1.76096,-0.01883,0.07218,TRUE,A,0.00048,-1.58711,-0.35103,0.74253,Bob
404,0.90347,0.76677,-0.52801,0.56981,TRUE,B,-0.98514,1.66219,-0.16705,0.73816,Atsuto
405,2.19209,0.07498,-0.50459,0.62386,F,-0.4696,0.51974,-0.84861,0.76509,,Bob
406,-1.09447,0.56459,0.07405,0.08586,TRUE,C,-0.81008,-0.73932,-0.53816,1.01373,Bob
407,1.01392,-0.33708,0.09725,0.038,FALSE,F,-1.30028,0.01097,-0.25929,0.69825,Bob
408,-0.75153,0.01649,-0.38914,0.61488,FALSE,F,-0.76315,-0.82922,-0.9427,1.47857,Bob
409,0.18974,1.43564,-0.1346,0.35287,TRUE,A,-1.42873,-1.02913,-3.37941,2.57195,Bob
410,1.51097,-0.11499,-0.30847,0.49893,FALSE,F,1.80891,-0.41922,-3.41577,1.61316,Jörg
411,0.95519,-1.52681,-0.06142,0.19559,FALSE,F,-0.56123,-0.71021,-2.18975,-1.34912,Bob
412,0.07198,0.37638,-1.08861,1.15751,FALSE,Fx,-0.80128,0.05351,-0.83053,-0.0637,Jörg
413,2.12142,-0.93219,0.14356,0.07566,FALSE,F,0.38823,-1.12397,-3.85022,0.52901,Bob
414,0.00298,-0.61016,-0.42702,0.61945,FALSE,F,-1.58409,-1.64328,-1.19782,1.80271,Bob
415,2.29267,-1.09656,0.31261,-0.01626,FALSE,F,-1.2023,-2.7976,1.05352,-0.02276,Bob
416,-3.91039,0.92432,-0.75183,0.74678,TRUE,A,-1.69233,-1.10706,-2.25772,-0.09076,Bob
417,0.86924,0.62501,-0.17664,0.43999,TRUE,B,-0.88416,-1.39364,-2.33079,1.7475,Bob
418,-0.91225,0.65404,-0.87758,0.95345,FALSE,C,0.1247,0.10967,-1.87984,1.88642,Jörg
419,-2.22453,-0.82579,-0.65393,0.65484,FALSE,F,2.39566,0.46294,-3.01267,1.31035,Jörg
420,3.12858,-0.93747,-0.22734,0.35644,FALSE,F,1.45903,2.68298,1.03949,1.67739,Atsuto
421,-0.42053,-0.45894,-0.28433,0.43556,FALSE,F,2.01414,-0.56398,3.05415,1.17286,Atsuto
422,-0.69102,1.32172,0.06951,0.20318,TRUE,A,-0.14632,-1.80187,1.09745,0.86934,Bob
423,-1.05999,1.27686,-1.08165,1.07442,TRUE,A,1.93,-0.06796,-2.24378,1.22488,Atsuto
424,-0.7826,0.95719,0.11683,-0.0082,TRUE,A,-1.61195,-0.57006,-2.85262,0.62811,Bob
425,-0.90891,-1.7269,0.18021,-0.02688,FALSE,F,-1.97795,-2.19383,-2.8245,0.98948,Bob
426,1.03142,-1.70295,-0.70014,0.72796,FALSE,F,0.36772,1.85016,-1.95831,-0.21483,Atsuto
427,-1.75743,0.32188,-0.99633,1.00806,FALSE,F,0.43356,-1.13143,-1.38557,1.90418,Jörg
428,2.36455,1.77531,-0.27159,0.32505,TRUE,A,-1.51824,-1.10374,-2.53742,2.53523,Bob
429,-0.71507,-0.90114,-0.35489,0.46181,FALSE,F,-1.85051,-0.84116,-1.65622,0.47697,Bob
430,-1.4652,-0.07461,-0.40592,0.62595,FALSE,F,-0.66324,-0.15786,-1.96272,1.74142,Bob
431,-0.64404,2.19201,0.00718,0.12944,TRUE,A,-1.62928,-1.7298,-2.89953,0.32884,Bob
432,2.62423,-1.3874,-0.22537,0.24113,FALSE,F,-2.60681,-0.96018,-1.9281,1.57386,Bob
433,-0.50288,1.47892,-0.598,0.75106,TRUE,A,0.02514,-1.61092,-2.05082,-0.31698,Bob
434,-0.88948,-0.0813,-0.02372,0.29456,FALSE,F,-0.74474,-0.02247,-0.36623,1.21085,Bob
435,-0.89416,1.6873,0.0248,0.17601,TRUE,A,-0.23537,0.49513,1.21704,0.12686,Atsuto
436,0.01681,1.41477,-0.41159,0.58789,TRUE,A,-1.22922,-0.74871,-3.51816,1.76018,Bob
437,1.38523,0.02722,-0.76696,0.69058,FALSE,F,-1.01531,0.13244,-1.90295,1.48581,Bob
438,1.72884,0.15444,0.00297,0.11751,TRUE,F,-1.22752,-1.42335,-2.07253,2.06993,Bob
439,0.40615,-1.94956,-0.50635,0.53407,FALSE,F,-1.22492,-0.88253,-0.36694,-0.18465,Bob
440,0.22295,0.78208,-0.41496,0.44417,TRUE,B,-1.47971,-0.58745,-2.2415,1.12162,Bob
441,-0.84625,-0.50176,-1.28366,1.2773,FALSE,F,-0.67922,-0.58419,-1.74961,-0.75588,Atsuto
442,-1.92189,0.42853,-0.67897,0.70157,FALSE,Fx,0.7868,-0.5708,2.61752,-1.50773,Jörg
443,1.78901,-0.75105,-1.48932,1.37253,FALSE,F,-0.36915,-0.28677,-0.38205,2.76794,Jörg
444,-1.36475,0.07183,-0.19508,0.36646,FALSE,F,0.08434,0.08508,1.39604,-0.17158,Atsuto
445,-0.82506,-0.92587,-0.80696,0.8529,FALSE,F,2.31061,1.08143,-0.78721,1.84002,Atsuto
446,-1.37015,0.68196,-1.22772,1.19504,FALSE,D,1.04994,2.00959,0.47629,0.62397,Atsuto
447,-0.27194,-0.07164,-0.17689,0.19817,FALSE,F,-1.56277,-1.58748,-1.80764,0.3526,Bob
448,0.87753,-0.62642,-0.05843,0.20326,FALSE,F,1.22628,0.25388,2.99229,0.11545,Atsuto
449,2.00944,0.04119,0.07081,0.06559,FALSE,F,-1.37217,-1.36725,-1.87908,-0.33071,Bob
450,-1.31814,1.50021,0.10108,0.00115,TRUE,A,-1.99722,-1.93355,-1.50412,2.308,Bob
451,-0.66399,0.04656,-0.77498,0.93759,FALSE,F,1.32597,-0.22403,2.13083,-1.76043,Jörg
452,2.25291,-0.40734,-1.09365,1.06605,FALSE,F,2.37409,-0.59146,-2.10075,2.38757,Atsuto
453,-1.34991,0.24408,-0.86245,0.8568,FALSE,F,-1000.92137,-0.60786,-1.09033,2.72148,Bob
454,1.82139,1.08296,-0.63077,0.74177,TRUE,A,-0.57551,-1.69788,-1.01702,0.11684,Bob
455,0.95745,1.0044,-1.11552,1.03991,FALSE,A,0.07873,-0.76067,-0.58965,1.03439,Jörg
456,-0.15802,1.40899,-0.95903,0.98878,TRUE,A,2.77193,2.34742,2.45492,2.0913,Atsuto
457,1.38464,-0.02849,-0.32908,0.35878,FALSE,F,0.26683,-1.59969,-1.68007,0.75949,Bob
458,0.17117,0.36803,-1.17726,1.13623,FALSE,F,0.02977,-0.33544,-0.06762,2.9866,Jörg
459,-1.49278,0.3425,0.11916,-0.00137,TRUE,Fx,-2.41219,-1.63605,-2.21951,1.5842,Bob
460,1.56513,-2.12971,-0.32245,0.45565,FALSE,F,2.02154,1.9033,2.11369,0.74017,Atsuto
461,0.36113,-0.1787,-0.20489,0.38834,FALSE,F,-1.68862,-1.06667,-0.64273,-1.06249,Bob
462,-3.14924,1.41569,-0.73918,0.76753,TRUE,A,-0.64534,-1.14734,-2.2245,0.06631,Bob
463,-1.28897,1.41181,-0.37535,0.58433,TRUE,A,-2.15782,-1.227,-1.20041,2.57121,Bob
464,0.44552,-0.65493,-0.50828,0.6194,FALSE,F,-0.85684,-1.25918,-2.13585,0.28771,Bob
465,-1.04097,0.5185,-0.27403,0.36378,TRUE,D,-1.71917,-1.42448,-0.30856,0.63758,Bob
466,-1.36858,0.87099,-0.68658,0.7717,TRUE,A,1.21226,-2.32406,0.99086,2.07974,Jörg
467,0.04158,0.87448,-0.278,0.38002,TRUE,A,0.73214,-0.39092,-1.07083,3.78187,Jörg
468,0.65076,0.21334,-0.6105,0.80108,FALSE,Fx,-1.34837,-0.76822,-2.13215,1.20152,Bob
469,0.67315,1.71933,-0.6689,0.78726,TRUE,A,-2.04072,1.64503,-0.07995,-0.01508,Atsuto
470,-0.19867,-0.08945,-0.70832,0.78061,FALSE,F,-0.89748,1.2455,0.82968,1.71329,Atsuto
471,0.71226,0.76307,0.06085,0.11693,TRUE,A,1.50288,0.80571,1.6026,-1.21991,Atsuto
472,-0.33546,1.07267,-0.8195,0.80908,TRUE,A,-0.4271,-0.54434,-2.78347,3.1794,Bob
473,1.00585,-1.16094,0.14227,0.09167,FALSE,F,-1.34943,-0.9863,-0.51863,2.20504,Bob
474,-1.5098,0.68488,-0.32258,0.58932,TRUE,A,1.42151,1.30922,-0.5756,2.51743,Jörg
475,-1.70836,0.03345,-1.14565,1.10901,FALSE,F,-1.06444,0.05503,-0.99393,1.09619,Atsuto
476,1.60089,-0.02881,-0.12215,0.39288,FALSE,F,-1.99683,-1.86798,-2.76132,2.04743,Bob
477,0.71534,0.26499,0.25485,0.06579,TRUE,E,-0.92283,-1.01577,-1.10088,2.49969,Bob
478,-0.84324,0.36063,-0.18322,0.31461,TRUE,Fx,-0.61379,-0.69766,-1.95825,1.44035,Bob
479,2.35319,-0.75064,-0.4018,0.48708,FALSE,F,-0.01332,-2.10235,3.43352,2.30843,Atsuto
480,0.15969,0.52362,-0.71948,0.81591,FALSE,D,1.34788,0.50521,-3.39956,0.38902,Atsuto
481,1.01871,-1.51979,0.10818,0.05922,FALSE,F,3.53937,0.94082,-0.62384,1.28252,Atsuto
482,1.3492,0.26065,-0.36708,0.41403,FALSE,F,0.47387,-1.49918,6.23541,2.22855,Atsuto
483,2.29387,-1.45596,0.16073,0.16219,FALSE,F,-1.59222,-0.28604,-2.88282,0.24032,Bob
484,-1.49438,-0.44906,-0.19934,0.46307,FALSE,F,-0.76202,-0.59659,-2.85181,0.4759,Bob
485,-0.60136,-0.0539,-0.38234,0.41377,FALSE,F,-0.87287,-1.10807,-1.09359,1.41084,Bob
486,0.88459,-3.08435,-0.90446,0.84683,FALSE,F,1.40607,-0.54931,-1.89425,3.20802,Jörg
487,-0.07654,-0.55178,-0.43431,0.60635,FALSE,F,-0.32755,-1.93621,-0.41979,0.81567,Bob
488,0.13157,-1.41203,-0.55085,0.56276,FALSE,F,-0.11176,0.56244,0.07277,-0.59525,Bob
489,2.27902,-0.46957,-0.6405,0.79931,FALSE,F,-2.70706,-1.67519,-1.59729,-0.59796,Bob
490,0.42023,1.73385,-0.43871,0.45339,TRUE,A,-1.55606,-0.93102,-2.5754,3.07106,Bob
491,0.9116,-0.92392,-0.63766,0.66472,FALSE,F,1.0702,3.39086,-0.93252,0.25186,Atsuto
492,-1.50794,1.08657,0.36964,-0.04778,TRUE,A,-0.95213,-0.10296,-2.35046,0.65697,Bob
493,2.62328,-0.21741,-0.49996,0.73222,FALSE,F,-0.17941,0.1163,-0.43326,0.92315,Bob
494,-1.26708,2.19509,-0.9323,0.83614,TRUE,A,-1.88022,-1.06096,-1.77652,3.44635,Bob
495,0.09859,-1.06007,-0.49474,0.45622,FALSE,F,-0.69283,-1.01605,-2.26519,0.79315,Bob
496,0.86151,0.11909,-0.90471,0.88047,FALSE,F,0.83267,-0.36737,-0.24834,2.06945,Jörg
497,-1.01255,-0.20391,-0.06123,0.11924,FALSE,F,-1.32752,-0.49963,-1.08517,1.78505,Bob
498,-1.47399,-1.03982,-0.4561,0.4923,FALSE,F,-0.96772,-1.57693,1.08443,-0.12402,Bob
499,1.28886,0.01193,-0.17938,0.42995,FALSE,F,-1.26768,-1.6906,-0.31712,2.12915,Bob
500,-0.17625,0.10563,-0.05791,0.1971,FALSE,F,1.29433,3.55314,3.37064,4.31456,Atsuto
501,0.13399,-0.85569,-0.23849,0.40218,FALSE,F,0.2532,-0.44177,-2.24462,-0.43808,Bob
502,-1.32482,1.79959,-0.59499,0.53983,TRUE,A,-0.14106,-0.99926,-1.07795,0.18063,Bob
503,0.32026,0.7676,-0.33393,0.43645,TRUE,B,0.28332,1.84533,-1.84342,0.15672,Atsuto
504,1.9556,-1.14735,-0.62108,0.75034,FALSE,F,-1.05265,-1.74569,-0.10756,0.324,Bob
505,2.53306,-1.95548,-1.12915,1.14895,FALSE,F,1.73528,4.41573,1.53313,0.68792,Atsuto
506,-0.3601,0.48192,-0.44729,0.65262,FALSE,D,-0.46543,-2.64602,-1.46687,-0.3396,Bob
507,-1.44673,-0.73907,-0.28411,0.50615,FALSE,F,-0.35755,-0.51387,-2.67477,1.7627,Bob
508,1.06747,-0.28824,-0.00449,0.17363,FALSE,F,1.35871,0.6947,1.50513,0.64542,Atsuto
509,-0.96675,0.30146,-0.78347,0.76314,FALSE,F,-0.75527,-0.18953,-2.13648,-0.96514,Bob
510,-0.38093,1.09893,0.16617,0.04837,TRUE,A,0.72484,0.16922,2.63266,1.12399,Atsuto
511,0.34552,-1.61803,-1.43241,1.37605,FALSE,F,2.2406,0.20696,-1.90892,2.75505,Jörg
512,0.74423,0.29604,-0.92335,1.06706,FALSE,Fx,0.96244,-0.47071,-0.54587,5.0731,Jörg
513,1.88042,-0.93356,-0.30132,0.33719,FALSE,F,-1.83006,-0.00217,-1.22007,1.56754,Bob
514,3.11631,-0.0615,0.14766,0.02267,FALSE,F,-0.67509,-1.22021,-1.20948,-0.06135,Bob
515,-0.3935,0.71545,-0.44184,0.60721,TRUE,B,-0.71953,0.53499,-1.44952,3.02684,Bob
516,-1.28282,0.43482,-0.53031,0.56719,FALSE,Fx,-1.81081,-0.16137,-1.45186,0.66638,Bob
517,-1.10873,1.52298,-0.34913,0.48577,TRUE,A,-0.74154,-1.08212,-3.54668,1.17891,Bob
518,0.12767,-1.82294,-0.31237,0.45057,FALSE,F,0.62257,1.43789,0.7565,-0.52733,Atsuto
519,0.58645,1.076,-0.22169,0.28821,TRUE,A,-2.54112,-1.19127,-4.7749,3.65416,Bob
520,1.46869,-0.04297,0.26304,-0.04277,FALSE,F,0.61029,2.30855,2.6067,1.03843,Atsuto
521,1.28594,1.60031,-0.60236,0.67974,TRUE,A,-0.25569,-0.91243,-1.65459,0.969,Bob
522,-1.97642,1.3257,0.04927,0.16797,TRUE,A,-1.80006,0.2056,-3.6936,0.98474,Bob
523,0.55362,-0.8559,-0.21328,0.43254,FALSE,F,0.7508,-0.60346,-0.7679,1.36124,Jörg
524,0.52732,0.17871,-0.79503,0.84803,FALSE,F,-0.20209,0.15324,4.63546,0.16256,Atsuto
525,1.31078,0.905,-0.56469,0.74651,TRUE,A,1.63016,-1.54227,-0.71238,0.05979,Jörg
526,1.5883,0.24351,-0.43733,0.46293,FALSE,F,-0.60497,0.00125,-1.73269,0.82946,Bob
527,-1.86947,2.93934,-0.32874,0.49641,TRUE,A,0.32083,1.93665,-1.55315,1.55225,Atsuto
528,-1.47081,1.34562,-0.72814,0.78312,TRUE,A,-1.35773,0.2878,-3.88252,2.58288,Bob
529,-0.97431,0.39363,-0.12909,0.11739,TRUE,F,-0.08926,-0.68156,-0.69542,0.56006,Bob
530,0.70001,0.50686,-0.58187,0.76206,FALSE,D,-0.5975,-1.7553,-0.09938,2.44207,Bob
531,-0.97866,-0.33956,-0.28616,0.32531,FALSE,F,-0.80712,-1.68839,-3.50964,2.19037,Bob
532,1.11658,-0.51014,-0.01968,0.01993,FALSE,F,-1.9067,-0.82838,1.04947,1.26917,Bob
533,0.70038,-1.18976,-0.81176,0.94657,FALSE,F,0.99332,-0.36937,1.22265,-1.51134,Jörg
534,1.21922,0.397,-0.02357,0.26944,TRUE,D,-0.94971,-0.25525,-0.55484,0.24624,Bob
535,0.00256,0.04424,-1.1366,1.21254,FALSE,F,0.61775,-0.93488,-3.26371,0.60044,Jörg
536,1.69048,1.53428,-0.16891,0.23927,TRUE,A,1.34597,1.67452,-0.72932,0.92328,Atsuto
537,2.01457,-0.00424,-0.39446,0.49925,FALSE,F,3.05424,1.18863,3.14834,2.56152,Atsuto
538,-1.05973,1.00714,-0.65579,0.75665,TRUE,A,-1.51827,-0.88326,-0.12254,-0.66067,Bob
539,2.49181,-1.41939,-0.54188,0.6301,FALSE,F,0.92037,300000.0841,-0.92886,1.3286,Atsuto
540,0.68527,0.10772,-0.4644,0.63733,FALSE,F,-0.47755,-0.43874,-2.08197,1.50634,Bob
541,-0.79706,0.86225,-0.59381,0.67278,TRUE,A,-1.27577,-1.65624,-2.94344,1.01969,Bob
542,-2.19903,-0.5251,-0.46477,0.60047,FALSE,F,-1.14956,0.28534,-1.04461,-0.24615,Atsuto
543,-1.59102,0.88058,0.13344,0.01371,TRUE,A,1.68796,2.72034,-2.19042,-0.13372,Atsuto
544,-0.64331,0.97965,-0.51266,0.76683,TRUE,A,-2.6368,0.16153,-3.30907,-1.67858,Bob
545,-0.04917,-0.84416,-1.33339,1.19505,FALSE,F,2.19788,1.13764,-1.66635,-1.51938,Jörg
546,0.93491,1.45094,-0.87973,0.80419,TRUE,A,-2.71703,-0.84425,-1.61322,0.99588,Bob
547,-0.25918,0.0571,0.13023,0.09357,FALSE,F,-1.67269,-1.07199,-2.48896,0.80892,Bob
548,-2.84072,0.67747,-0.26503,0.5199,TRUE,A,-0.8333,-0.76637,-1.12003,0.06002,Bob
549,0.6743,0.81503,0.04987,0.06992,TRUE,A,0.48541,3.28135,3.37242,1.12763,Atsuto
550,1.1973,-1.38941,-0.35894,0.43739,FALSE,F,2.8755,0.62433,-0.70702,0.36158,Atsuto
551,1.812,1.91398,0.32881,-0.03723,TRUE,A,-0.70012,-1.46596,-3.34572,2.33866,Bob
552,-0.83687,-0.72108,-0.28228,0.3505,FALSE,F,-0.71001,-1.58839,-5.13872,0.37388,Bob
553,-1.4476,0.0098,-0.8382,0.78018,FALSE,F,0.62478,-1.21956,-2.82015,1.75619,Bob
554,-0.53063,1.36704,-0.54982,0.72935,TRUE,A,-0.50578,-0.55193,-1.26722,1.46524,Bob
555,0.73333,-1.21158,-1.1995,1.12205,FALSE,F,0.12594,0.68093,-0.54829,3.12763,Jörg
556,0.4667,-0.74621,0.05519,0.06673,FALSE,F,1.16553,0.64157,-3.29314,2.07906,Atsuto
557,-0.00681,0.54714,-1.36976,1.30255,FALSE,Fx,2.20212,-1.46059,1.22676,-0.17221,Jörg
558,1.16945,-1.29088,-0.4628,0.59264,FALSE,F,0.0622,-0.03542,-2.50753,0.59159,Bob
559,-1.47768,-1.40126,-0.23724,0.21422,FALSE,F,-2.20417,-2.21018,-1.28384,0.99374,Bob
560,-1.9227,0.98967,-1.15197,1.19573,FALSE,A,0.32053,0.02789,-0.39988,0.64148,Atsuto
561,2.8119,0.60349,-0.47523,0.59408,TRUE,C,0.39199,-0.84343,-1.59115,0.99232,Bob
562,0.29497,-0.39609,-0.45233,0.60425,FALSE,F,-1.57884,-1.21708,-2.95391,2.07358,Bob
563,-0.51643,2.17583,-1.34767,1.31097,TRUE,A,-0.44798,1.35185,-1.49269,1.38958,Atsuto
564,-0.54983,-1.04343,-0.5537,0.55061,FALSE,F,-1.57503,-1.51006,-5.15894,0.37416,Bob
565,2.49601,-0.3026,0.12174,0.07531,FALSE,F,0.62496,-0.87668,1.55363,2.78112,Atsuto
566,0.45689,-0.95963,-0.3024,0.42287,FALSE,F,-1.84449,-0.16309,-1.47662,1.05781,Bob
567,1.03082,-0.00354,0.11058,0.04557,FALSE,F,-1.66085,0.54765,-3.54062,0.80267,Bob
568,1.44239,0.46076,-0.85726,0.89144,FALSE,Fx,2.29915,4.17304,1.24589,1.03515,Atsuto
569,0.49609,1.22005,0.00661,0.27049,TRUE,A,-1.53086,-0.45286,-2.71092,-0.62541,Bob
570,2.79545,0.38565,-0.48921,0.6237,FALSE,E,1.83798,0.94473,2.29372,-1.79294,Jörg
571,-1.65331,0.87426,-0.07413,0.23139,TRUE,A,2.30952,2.04156,2.65871,0.8528,Atsuto
572,0.16017,-1.49749,-0.84878,0.85333,FALSE,F,-0.83054,-1.21594,-1.77115,1.56925,Bob
573,-0.96556,0.43434,-0.17359,0.20923,TRUE,Fx,-1.83065,-0.17276,-0.14666,1.03203,Bob
574,2.08786,-0.74987,0.14311,0.02607,FALSE,F,4.60368,-0.5722,2.75785,0.03138,Atsuto
575,0.43468,0.51919,0.40803,-0.06555,TRUE,B,-1.29109,-0.57885,-0.97793,-0.15417,Bob
576,-0.97003,-0.32267,-0.1655,0.29741,FALSE,F,-0.41974,2.50095,-2.43964,2.10497,Atsuto
577,0.06406,-1.36805,-0.48374,0.51538,FALSE,F,-1.69675,-1.485,-2.55263,1.19804,Bob
578,0.27614,-1.88359,-0.1417,0.18185,FALSE,F,-1.58068,-1.68748,-2.77213,0.81642,Bob
579,1.79215,-0.30134,-0.15851,0.26983,FALSE,F,1.57761,2.27492,0.11355,-0.36233,Atsuto
580,-1.04096,-1.93451,-0.37333,0.41245,FALSE,F,1.82092,-2.2778,-1.22515,6.00205,Jörg
581,0.8069,-0.6856,-0.2575,0.41199,FALSE,F,-0.60476,-0.72446,-1.26002,-0.19458,Bob
582,0.44869,0.31304,-0.49222,0.52283,FALSE,F,-0.64363,-1.14164,-1.69674,0.22037,Bob
583,1.03106,-1.10442,-0.52297,0.58362,FALSE,F,-1.86057,-0.60593,-2.65433,1.21424,Bob
584,1.24883,-0.31529,-0.53382,0.76744,FALSE,F,0.64036,-1.05408,1.22072,-0.86156,Jörg
585,-1.41277,0.18488,-0.94068,0.86503,FALSE,F,-1.05415,-0.49453,-1.11168,1.86374,Bob
586,1.51498,-0.83138,0.06331,-0.00511,FALSE,F,-0.30421,0.26429,-1.70742,1.42474,Bob
587,-0.20152,-1.33591,0.07619,0.07288,FALSE,F,-0.63089,2.35872,0.69845,0.52719,Atsuto
588,2.14717,1.39262,-0.77497,0.7333,TRUE,A,-2.18001,-1.17615,-0.19077,-0.44777,Bob
589,-0.87656,0.52509,0.00582,0.27599,TRUE,B,-0.55952,-1.42482,-1.94232,2.20591,Bob
590,-3.9068,-0.3085,-0.5546,0.59366,FALSE,F,2.36678,1.61362,1.374,1.56583,Atsuto
591,1.39672,0.05193,-0.01042,0.19086,FALSE,F,-1.65831,-0.60783,-0.3213,2.68828,Bob
592,0.58602,-1.33293,-0.08525,0.29608,FALSE,F,0.04889,-0.13971,-4.20418,1.85884,Bob
593,0.15159,0.90245,-0.04938,0.17729,TRUE,A,-0.58863,-1.14567,-1.54949,1.91493,Bob
594,1.33389,-0.44073,-0.03759,0.1182,FALSE,F,-1.84044,-1.83523,-3.75003,1.81883,Bob
595,-3.14417,0.04513,-0.14894,0.42963,FALSE,F,-1.84225,-1.60477,-2.4221,0.7521,Bob
596,1.5149,-1.02788,-0.91398,0.97334,FALSE,F,1.42781,0.58927,3.3707,1.77709,Atsuto
597,-0.54786,-0.02203,-0.61927,0.7264,FALSE,F,-1.17204,0.08578,-1.11763,0.55495,Bob
598,-0.28958,-0.86519,-0.73422,0.83736,FALSE,F,1.53286,1.13374,4.63193,-2.00649,Jörg
599,1.88467,-1.52567,-0.63586,0.66968,FALSE,F,-0.88316,0.82296,-1.02834,0.36096,Atsuto
600,0.34579,-0.8947,-0.23678,0.36089,FALSE,F,-0.12382,0.59256,0.14094,0.02165,Jörg
601,1.50876,-1.1218,-0.34597,0.59469,FALSE,F,1.17468,-0.89091,0.54664,3.88542,Jörg
602,-0.95211,-0.02076,-0.8045,0.80832,FALSE,F,3.45361,1.34973,2.72542,1.50334,Atsuto
603,-2.66294,1.79078,-0.11253,0.17657,TRUE,A,-1.01493,-1.30845,-1.71149,-0.68823,Bob
604,-0.65387,2.27544,0.17147,0.11816,TRUE,A,-1.84028,-0.65874,-3.27608,0.35087,Bob
605,4.72772,-2.51821,-1.04911,1.13593,FALSE,F,1.5369,2.18858,4.7901,1.67727,Atsuto
I said, I'm blinded by the lights,,,,,,,,,, ooh
606,-0.42621,-1.10608,-0.38753,0.53027,FALSE,F,0.39671,-1.85655,0.39132,3.04033,Jörg
607,1.53005,-0.36203,0.01563,0.07847,FALSE,F,-0.531,-2.37756,-2.65335,0.48291,Bob
608,-0.68653,0.51843,-0.19955,0.41686,TRUE,C,1.14978,-0.91192,-1.08678,0.45042,Bob
609,0.97375,0.64424,-1.02371,1.15247,FALSE,C,0.7334,-0.50329,-1.8462,3.5623,Jörg
610,-0.67236,-0.02583,-0.14862,0.23401,FALSE,F,-0.9474,0.44043,-1.14144,1.5757,Atsuto
611,-0.19018,-0.10622,-0.16747,0.42265,FALSE,F,-1.23741,-0.64441,-3.62938,0.18491,Bob
612,0.11474,0.01964,-1.19935,1.30086,FALSE,F,2.37812,0.72859,0.23272,3.57566,Jörg
613,-1.3543,-0.34555,-0.60397,0.70452,FALSE,F,-1.64631,0.30509,-1.60089,1.03828,Atsuto
614,0.6257,-1.12057,-0.1053,0.26515,FALSE,F,-0.85665,-1.21215,-1.40159,2.24753,Bob
615,-0.90227,0.16569,0.14139,0.03959,TRUE,F,-3.24833,-0.452,-1.59361,1.30588,Bob
616,0.33483,-0.75352,-0.90431,0.99791,FALSE,F,-0.44439,-1.8955,3.00091,3.4254,Atsuto
617,2.04775,-0.44198,0.14307,0.02225,FALSE,F,-1.55867,-1.23593,-0.84433,1.30285,Bob
618,0.1094,1.44987,0.07511,0.01169,TRUE,A,-1.005,-1.38521,-1.47447,0.23946,Bob
619,-0.98406,1.74604,0.06762,0.10129,TRUE,A,0.61803,1.0936,-1.03759,1.86326,Atsuto
620,-1.20665,1.9621,-0.33217,0.49312,TRUE,A,2.13022,1.78466,3.31627,3.12285,Atsuto
621,-0.28079,0.13586,-0.61767,0.69537,FALSE,F,-0.90698,-1.50009,-3.14639,2.29584,Bob
622,-2.7207,1.44558,-0.08502,0.20663,TRUE,A,0.1976,0.35416,-1.6032,1.47667,Atsuto
623,-1.68177,0.28714,-0.30197,0.43327,FALSE,Fx,1.1485,-0.3708,-2.5208,1.37347,Jörg
624,0.15031,-0.8761,-0.67407,0.77031,FALSE,F,-0.95942,-1.33054,-1.13395,0.08069,Bob
625,-0.63895,0.66211,-0.612,0.62841,TRUE,D,-1.31124,-1.61207,-2.90294,0.03317,Bob
626,1.41185,-0.76942,-0.66821,0.79014,FALSE,F,-0.49668,-0.10224,-3.09573,-0.84221,Bob
627,1.43764,-0.27762,-0.8655,0.91547,FALSE,F,0.7029,0.32691,2.00732,2.82729,Atsuto
628,-1.80781,0.81168,-0.56281,0.70952,TRUE,A,-0.84238,-2.07143,-3.67801,1.63731,Bob
629,0.04251,-1.16605,-0.38298,0.52624,FALSE,F,-0.86456,-0.72855,-2.60831,0.44318,Bob
630,-1.33597,-0.6056,0.15133,0.08318,FALSE,F,-0.68872,-1.79393,-3.67147,2.36954,Bob
631,-1.36389,1.08337,-0.35881,0.48641,TRUE,A,-0.60228,2.56407,1.98111,2.74701,Atsuto
632,-1.35556,1.71117,-0.86086,0.8958,TRUE,A,-0.3364,1.18187,-2.50441,1.49256,Atsuto
633,-0.35549,0.79054,-0.87022,1.02046,FALSE,A,0.67438,-0.90006,0.90365,2.5843,Jörg
634,-0.2705,1.98287,-0.29884,0.39603,TRUE,A,0.41512,0.65347,2.80888,1.54857,Atsuto
635,1.14772,-0.38425,-0.9969,1.06818,FALSE,F,-0.54098,-1.05463,0.38196,0.59776,Atsuto
636,1.4246,-0.60931,-0.11879,0.2729,FALSE,F,-2.27126,-0.81238,-1.96927,1.45907,Bob
637,2.66215,-0.82874,-0.51962,0.6891,FALSE,F,-2.28521,-1.39332,-2.8114,1.62233,Bob
638,2.00779,1.03909,0.18301,0.01795,TRUE,A,3.9032,3.68062,-1.96654,1.51306,Atsuto
639,-1.04329,-0.12553,-0.66857,0.69128,FALSE,F,2.44085,0.26522,-2.00305,1.63311,Atsuto
640,-1.23479,1.22093,0.07485,0.04963,TRUE,A,2.9907,0.22391,0.7738,-0.42296,Atsuto
641,0.25292,-1.2284,-0.06643,0.23352,FALSE,F,-0.64926,-0.84995,-4.05418,2.25163,Bob
642,1.26296,-2.26979,-1.01939,1.10008,FALSE,F,0.18005,1.07273,-2.01951,1.87802,Atsuto
643,-1.90602,0.1955,-0.39378,0.40067,FALSE,F,-0.83594,-0.88399,-0.2729,0.80567,Bob
644,0.46937,-0.44047,-0.59741,0.77589,FALSE,F,-0.84894,-0.34909,-0.11885,2.42403,Bob
645,0.84452,0.42012,-0.38215,0.44504,FALSE,Fx,-0.46427,-1.37444,-2.85274,1.49105,Bob
646,0.40547,-0.57217,-0.6324,0.741,FALSE,F,1.84565,1.57375,4.64135,0.62429,Atsuto
647,-3.06675,1.29954,0.08194,0.11688,TRUE,A,-0.10462,-0.52326,1.00817,0.59953,Bob
648,1.82636,0.31615,-0.06163,0.2935,TRUE,E,-1.42092,-1.63143,-1.25651,0.28823,Bob
649,1.31795,0.21418,-0.72481,0.8059,FALSE,F,-1.07681,-1.51898,-2.7319,0.58045,Bob
650,0.86353,2.25505,-0.36818,0.63229,TRUE,A,0.61054,-0.718,-0.49844,3.68802,Jörg
651,2.37719,-2.20229,-0.06801,0.21836,FALSE,F,-0.59601,-0.32798,-2.2707,0.23889,Bob
652,-1.71949,0.73291,-0.05484,0.28616,TRUE,A,-1.61381,-1.15398,-3.228,1.14668,Bob
653,1.41797,-1.28272,-0.96703,1.02378,FALSE,F,3.62575,2.61301,-2.69551,0.32243,Atsuto
654,-0.92164,-0.66026,-0.8449,0.9313,FALSE,F,2.38129,1.94662,1.49892,-0.65831,Atsuto
655,2.13401,-0.28623,-0.02179,0.08663,FALSE,F,-1.84244,-1.72376,-2.09266,0.56353,Bob
656,-0.05462,-1.89541,-0.55597,0.51364,FALSE,F,0.43746,-0.77695,2.94787,1.59992,Jörg
657,1.0267,-0.52927,-0.30524,0.50498,FALSE,F,0.71845,-1.83614,-1.59178,2.29341,Bob
658,2.53881,1.8233,-1.26906,1.24211,TRUE,A,2.19408,1.55099,-0.41327,0.23236,Atsuto
659,-1.07157,0.90734,-0.74504,0.84765,TRUE,A,2.86189,0.39859,-1.71814,1.4143,Atsuto
660,0.16757,-0.23601,-0.38125,0.47339,FALSE,F,-1.39362,-0.67782,-2.07261,0.76796,Bob
661,0.1069,-0.35371,-0.37549,0.43631,FALSE,F,2.0623,-3.0738,-0.67652,0.4899,Atsuto
662,1.10454,-1.3327,-0.88553,0.87578,FALSE,F,1.52051,0.54229,-0.71968,0.38119,Jörg
663,-1.47271,0.25321,0.13867,0.09204,TRUE,Fx,0.06162,-1.94117,-1.96748,3.41222,Bob
664,-1.2507,2.7079,-0.49838,0.69057,TRUE,A,0.91341,-0.79027,2.34707,0.17343,Jörg
665,1.09425,-1.72708,-0.36703,0.47088,FALSE,F,1.32468,4.23797,2.72563,-0.41097,Atsuto
666,-2.21858,1.24851,0.03769,0.22543,TRUE,A,-1.39992,-1.40859,-4.48993,0.39002,Bob
667,-1.48189,-0.15344,-0.28004,0.435,FALSE,F,-1.02942,-1.55297,-1.3107,0.82729,Bob
668,-3.24304,0.44405,-0.39462,0.54537,FALSE,E,1.95732,0.62085,-1.96284,1.89227,Atsuto
669,0.25981,-0.84442,0.06105,0.11492,FALSE,F,1.50956,0.6917,-1.99894,1.19818,Atsuto
670,0.97589,0.30906,-1.11084,1.13043,FALSE,F,1.21209,1.802,-1.85174,0.48154,Jörg
671,1.36967,-0.98229,-0.35649,0.40856,FALSE,F,-0.08393,-0.71983,-0.01865,-0.03562,Atsuto
672,-2.30676,0.55291,-0.9503,1.02703,FALSE,D,-0.94276,-2.00304,0.42025,0.54469,Atsuto
673,0.945,-0.04772,-0.39886,0.42272,FALSE,F,-0.79837,-1.65801,-1.67037,1.51511,Bob
674,-2.50275,-0.13488,-1.4172,1.27791,FALSE,F,0.48242,-0.40087,0.23174,4.79505,Jörg
675,1.48999,-1.48635,-0.57692,0.65679,FALSE,F,1.89629,-2.10588,0.43592,-2.49406,Jörg
676,-0.06005,-0.87415,-1.07614,1.07144,FALSE,F,-1.15584,1.38062,-1.38746,3.72244,Jörg
677,1.89958,0.27591,-0.00418,0.08848,TRUE,F,-1.4605,-1.81379,-1.2412,3.01384,Bob
678,0.32613,-1.69361,0.0607,0.12846,FALSE,F,-0.96698,-0.71082,-1.03974,0.89618,Bob
679,0.33332,-0.97082,-0.57852,0.71744,FALSE,F,0.96233,0.79653,0.62278,-0.51782,Atsuto
680,1.37178,-0.16207,0.17122,0.03782,FALSE,F,0.2188,-1.22155,-2.29512,0.42584,Bob
681,-0.54233,-0.33988,-0.49493,0.48301,FALSE,F,-1.80709,-0.88451,-3.75336,1.38184,Bob
682,0.23456,1.57666,-0.1469,0.42161,TRUE,A,-1.24038,-1.21002,0.82252,-0.18143,Bob
683,-2.06049,1.06882,0.01976,0.1496,TRUE,A,-1.01466,-0.6561,-2.09065,2.59298,Bob
684,-0.43977,1.10547,-0.44408,0.57141,TRUE,A,2.34216,-0.18545,-2.54552,0.4762,Jörg
685,-0.61966,-0.35207,-0.06121,0.05692,FALSE,F,-0.94774,0.21479,-0.96088,1.84836,Bob
686,-0.22679,-0.40513,-0.14027,0.18804,FALSE,F,-1.55097,-2.08233,-0.33334,2.77302,Bob
687,-0.08501,1.45931,0.26683,-0.03125,TRUE,A,-1.77387,0.3887,-2.81608,3.21874,Bob
688,0.81462,-0.46579,0.10918,0.0504,FALSE,F,-0.30213,0.79528,3.00679,1.80818,Atsuto
689,0.56624,0.15751,-0.98238,0.92119,FALSE,F,2.46554,1.64039,-1.09593,3.47055,Jörg
690,1.43991,0.21206,-0.80891,0.91177,FALSE,F,1.25804,0.60461,-0.17946,3.92381,Atsuto
691,2.45154,-1.18571,0.02664,0.17111,FALSE,F,-0.94803,-2.75362,3.22507,0.67677,Atsuto
692,-2.60428,-0.05899,-1.14128,1.2709,FALSE,F,-0.18894,-0.92475,0.17096,0.44785,Jörg
693,-0.19817,0.63044,-0.38292,0.47887,TRUE,C,-0.76352,-2.31142,-0.0925,-0.05833,Bob
694,1.8427,-0.57707,-0.66277,0.70466,FALSE,F,0.41724,0.23886,-0.12464,0.10405,Jörg
695,0.0586,-1.3242,-0.60136,0.64558,FALSE,F,-0.82331,-0.45364,-2.51089,0.9412,Bob
696,2.47961,-0.62772,-1.36373,1.34403,FALSE,F,0.0359,-0.37489,0.43912,-0.63061,Jörg
697,0.96145,-0.71178,-0.37014,0.45628,FALSE,F,-0.02262,-0.69622,-0.37452,1.70138,Bob
698,2.95782,-1.29023,-0.74164,0.75971,FALSE,F,-1.28132,0.95329,0.50994,0.85487,Atsuto
699,2.3375,-1.23154,-0.06679,0.36304,FALSE,F,2.11003,1.74199,-1.02679,-1.46548,Jörg
700,0.44817,-0.39117,-0.28352,0.456,FALSE,F,-0.41476,2.9539,2.3935,0.60386,Atsuto
701,1.5798,-1.05855,-0.54219,0.7227,FALSE,F,-1.64486,-0.36769,-1.9323,3.04822,Bob
702,0.69733,1.0685,-0.7505,0.92521,TRUE,A,1.70725,0.52093,-0.69268,1.60816,Jörg
703,2.10904,-1.46806,-0.36697,0.54357,FALSE,F,-0.94083,-0.48212,-2.55861,2.45148,Bob
704,0.49921,-0.02093,-0.53383,0.56162,FALSE,F,-0.21861,-1.12991,-4.37568,1.5184,Bob
705,0.1685,0.78888,-0.52441,0.74034,TRUE,A,-0.23892,-0.62673,-3.5689,1.92136,Bob
706,-2.45413,-1.10085,-0.04248,0.29777,FALSE,F,-0.31022,-1.99803,-3.06571,-0.09308,Bob
707,0.27433,-1.87591,-0.31402,0.42076,FALSE,F,1.21818,1.37985,-1.37628,0.55899,Jörg
708,0.58134,0.15302,0.0965,0.10628,TRUE,F,-2.64816,-1.00735,-1.39632,0.14666,Bob
709,1.61362,1.05564,-0.9962,1.00922,TRUE,A,0.4947,1.08205,3.62801,3.43772,Atsuto
710,-0.6225,0.54532,-0.39942,0.39456,TRUE,E,-0.39558,-1.26554,-2.05875,-0.13481,Bob
711,0.67918,0.99876,-0.8151,0.85758,TRUE,A,0.12518,-0.32628,2.54121,0.67193,Atsuto
712,0.44835,-0.64337,-0.58566,0.53407,FALSE,F,-0.09078,-0.77034,-1.81283,0.56095,Bob
713,-0.21203,-0.08621,-0.58613,0.69804,FALSE,F,-0.83109,-0.25839,-1.39664,0.97347,Bob
714,0.53747,2.63329,0.0046,0.06618,TRUE,A,-0.57737,1.11431,-1.04264,0.53281,Bob
715,-1.59555,-0.3625,-0.76001,0.80528,FALSE,F,-1.67342,-0.51459,-1.66605,-0.22905,Bob
716,3.31563,-2.22434,-0.00184,0.27796,FALSE,F,-1.18906,-2.18491,-2.07812,1.22583,Bob
717,1.27535,-0.96355,-0.56517,0.53051,FALSE,F,2.14085,0.25586,-0.37733,3.21133,Jörg
718,0.23515,0.06716,-0.50676,0.53662,FALSE,F,-1.02784,-1.03725,-2.17748,0.76484,Bob
719,-1.49038,1.82307,-0.45785,0.5768,TRUE,A,-1.42067,-1.25988,0.45009,-0.09272,Bob
720,-1.09168,1.12332,-0.94596,0.98374,TRUE,A,-0.14261,0.16449,-3.0559,1.31878,Atsuto
721,-2.15204,-0.03966,-0.54022,0.55101,FALSE,F,-1.66464,-1.91096,-1.26571,1.24355,Bob
722,1.12952,0.76583,-0.20034,0.35001,TRUE,A,0.5003,-0.45633,-1.4882,-1.28969,Bob
723,-2.27685,0.01759,-1.26948,1.30941,FALSE,F,2.46573,2.42364,2.06381,-1.54812,Jörg
724,0.28304,0.43485,-0.87244,0.90283,FALSE,Fx,-1.88,-0.20334,-3.97931,2.82733,Atsuto
725,-0.17912,-0.27327,-0.04079,0.05559,FALSE,F,-0.69707,-0.26689,-3.15836,-0.56777,Bob
726,1.61957,1.08693,-1.09128,1.16561,FALSE,A,-1.39352,0.02123,-1.12967,2.66536,Jörg
727,-0.78559,-0.42026,-0.24457,0.33325,FALSE,F,-2.01762,-0.38732,0.81488,1.41755,Bob
728,-0.17744,-1.5197,-0.03016,0.10507,FALSE,F,-0.9502,-0.582,-0.33376,0.44703,Bob
729,-0.00235,1.16537,0.06105,0.06855,TRUE,A,-1.73703,-0.91103,-1.62056,0.7817,Bob
730,-0.00477,0.01217,-0.24291,0.27858,FALSE,F,-2.25313,-1.92983,-2.64902,0.7619,Bob
731,-0.76531,0.67566,-0.65503,0.67298,TRUE,D,-0.97304,-1.43149,-3.15898,-1.59038,Bob
732,0.251,-1.72208,-0.94567,0.85357,FALSE,F,-0.51755,-0.92102,-2.4484,1.7604,Bob
733,2.53149,-1.95202,-0.09086,0.26212,FALSE,F,0.82602,0.47647,1.77299,1.03813,Atsuto
734,-1.1282,1.12342,-1.2031,1.25696,FALSE,A,1.46908,0.21071,-1.39883,2.67352,Jörg
735,1.96702,0.22369,-0.39983,0.63731,FALSE,Fx,0.9855,-0.01794,-1.55757,-0.6507,Jörg
736,0.21282,0.36498,-1.23122,1.3032,FALSE,Fx,-0.26202,-2.01912,1.52217,1.17398,Jörg
737,0.66176,1.15068,-0.26628,0.46605,TRUE,A,-1.2106,-1.31557,-2.66873,1.32871,Bob
738,1.58716,-0.39002,-0.38112,0.47641,FALSE,F,0.46261,-0.52234,-1.34909,0.12418,Atsuto
739,-0.9046,0.53817,-0.36468,0.57191,FALSE,C,-1.09824,-0.36294,-1.6151,1.9075,Bob
740,-0.29734,-1.30353,-0.36502,0.5917,FALSE,F,-1.89311,-1.16448,-0.62737,1.20176,Bob
741,-0.08028,2.10242,-0.01276,0.26491,TRUE,A,-0.4893,-0.73954,-4.04764,0.48514,Bob
742,3.40859,-0.69363,-0.00555,0.1236,FALSE,F,0.69498,0.41484,3.68101,2.24508,Atsuto
743,-1.59886,0.03891,-0.14955,0.27289,FALSE,F,-0.56114,-0.88284,2.77335,-0.0474,Atsuto
744,-0.59231,-1.70755,-1.088,1.01652,FALSE,F,1.0674,-0.55522,-0.1776,2.06873,Jörg
745,0.29589,-1.60121,-0.95773,0.8701,FALSE,F,-1.16522,-0.96689,-2.7359,0.2579,Bob
746,-0.60094,-0.03959,-0.02721,0.08046,FALSE,F,-0.72116,-0.88057,-2.29425,1.43689,Bob
747,0.84444,1.05967,-0.91431,0.85211,TRUE,A,-1.72822,-1.9335,-1.86156,1.24825,Bob
748,0.73026,-0.63053,-0.70043,0.81404,FALSE,F,-1.61755,-0.36013,-2.3985,2.2662,Bob
749,-1.09381,-0.26027,-0.56985,0.72545,FALSE,F,-1.14792,-1.15962,0.37551,0.60716,Bob
750,0.3472,-1.06884,-0.2055,0.30756,FALSE,F,1.9803,-0.80519,-1.88705,1.48186,Atsuto
751,-1.30392,1.71812,-0.38658,0.47396,TRUE,A,-0.47445,-1.1921,-1.66555,0.1743,Bob
752,-0.88581,-1.98542,-0.53851,0.62263,FALSE,F,2.47658,-0.2503,2.76008,0.14365,Atsuto
753,2.0159,-0.20105,-0.09101,0.38308,FALSE,F,2.73509,-0.75678,0.77972,3.22978,Jörg
754,-2.94253,1.02797,-0.15977,0.31666,TRUE,A,1.51828,-0.09268,-3.35201,1.76428,Atsuto
755,-0.749,-0.06245,-1.32278,1.29998,FALSE,F,-0.18886,-0.59746,2.26192,-0.38113,Jörg
756,-0.268,-0.17213,0.043,0.07281,FALSE,F,4.99771,-0.93601,3.74078,2.83853,Atsuto
757,1.34826,0.91346,0.32097,0.00342,TRUE,A,-0.83188,-1.91705,-1.41094,0.79031,Bob
758,1.5871,-0.31651,-1.03625,1.12533,FALSE,F,1.68743,1.62462,-0.94383,1.9549,Jörg
759,1.39038,0.22913,0.01659,0.10064,TRUE,F,1.37989,0.46032,0.60792,1.86777,Atsuto
760,0.85942,-2.34161,-0.91593,1.01913,FALSE,F,1.77788,2.32908,4.02341,0.38096,Atsuto
761,-1.04316,0.93409,-0.75682,0.79443,TRUE,A,-1.57171,0.52322,-1.92485,0.702,Bob
762,0.7758,-0.96095,-0.53656,0.65687,FALSE,F,-0.72007,-1.08526,-2.45996,2.21767,Bob
763,0.13406,2.05027,-0.08445,0.35313,TRUE,A,1.06991,-0.47135,-1.26935,1.66053,Jörg
764,0.49063,-0.60368,-0.2838,0.49144,FALSE,F,-1.8244,1.10588,-1.01936,0.23733,Bob
765,2.65926,0.22337,0.12697,0.00884,TRUE,F,1.62775,0.86567,-2.11975,2.00326,Atsuto
766,-0.95883,1.62583,-0.44146,0.41387,TRUE,A,-1.18478,0.30659,-4.08458,0.39029,Bob
767,0.90604,-0.2271,-0.3327,0.33494,FALSE,F,-1.50622,0.08633,-1.29649,0.79112,Bob
768,2.92532,1.35066,0.13323,0.05694,TRUE,A,-0.49873,0.28007,1.92133,0.9305,Atsuto
769,1.1,-0.62198,-0.75995,0.69548,FALSE,F,-0.70568,-0.20664,-0.85195,0.28975,Bob
770,-3.09325,-0.37756,0.23873,-0.01682,FALSE,F,-0.80383,0.47421,-2.8573,0.97885,Atsuto
771,1.77665,-1.47589,-0.12966,0.11735,FALSE,F,0.78541,-1.43668,-4.5225,0.37715,Bob
772,-0.1011,-0.78109,0.01734,0.03028,FALSE,F,-1.48346,-0.74383,-0.83667,1.13346,Bob
773,2.35081,-0.30621,-0.03519,0.23684,FALSE,F,1.03383,2.56342,-3.50281,0.59308,Atsuto
774,0.17041,-1.46728,-0.30911,0.45042,FALSE,F,0.06369,0.71427,3.65614,-0.4548,Atsuto
775,-0.81627,-2.17214,-0.98035,1.05874,FALSE,F,3.48627,3.41188,1.28266,2.64513,Atsuto
776,-0.96876,1.02926,-0.74384,0.73509,TRUE,A,1.66879,0.1366,-0.93099,1.269,Jörg
777,-0.71009,-0.52296,-1.18416,1.18694,FALSE,F,1.88497,0.89274,2.70892,1.18014,Atsuto
778,2.80386,-1.50432,-0.17366,0.2135,FALSE,F,-0.13548,-0.25791,-1.99686,0.93966,Bob
779,1.19634,0.56937,-0.81414,0.86888,FALSE,D,1.20026,2.73406,2.75327,1.81003,Atsuto
780,-1.31143,0.73233,-0.82845,0.92584,FALSE,B,-1.08014,2.59619,-3.56428,1.69419,Atsuto
781,-1.81331,0.88125,-0.51806,0.4787,TRUE,B,-1.10851,-1.33903,-2.41008,0.30463,Bob
782,-0.16112,-1.94097,-0.62893,0.73451,FALSE,F,0.21025,2.38621,0.05822,-0.89763,Atsuto
783,-0.29866,0.22939,0.16056,-0.01926,TRUE,F,-2.17941,-1.23534,-2.11993,2.52589,Bob
784,0.55982,-1.28953,-0.34568,0.42249,FALSE,F,-0.19039,1.73728,3.19329,2.75486,Atsuto
785,0.42859,-0.744,-0.26066,0.32827,FALSE,F,-1.39626,-1.02098,-1.43148,1.52605,Atsuto
786,-0.5518,-0.57271,-0.53288,0.7307,FALSE,F,-0.00816,-0.21533,0.95944,-0.84912,Jörg
787,-1.0881,-0.55372,-1.11295,1.28891,FALSE,F,2.7046,-1.71169,-0.65709,3.25363,Jörg
788,1.97852,-0.10708,-0.43419,0.56032,FALSE,F,0.07505,-0.91577,-0.67494,0.41329,Atsuto
789,0.0983,-0.73838,-0.55506,0.73472,FALSE,F,-1.13649,-1.48147,-1.86968,-1.40702,Bob
790,1.96615,0.55911,-0.36283,0.33218,TRUE,E,-0.47431,-2.34458,-2.18774,1.2537,Bob
791,0.25781,-0.3795,0.03811,0.14966,FALSE,F,-0.92062,-0.37415,-4.47834,4.6335,Atsuto
792,1.72867,-0.3255,-0.316,0.35824,FALSE,F,0.06232,-1.11403,-1.39838,-0.02721,Bob
793,0.62802,0.65785,-0.39511,0.60658,TRUE,B,-0.48465,-1.42753,-1.2389,0.04703,Bob
794,1.54144,1.04672,-0.58104,0.8055,TRUE,A,-2.84625,-0.63527,-4.19978,2.65389,Bob
795,-1.55545,0.79284,-0.65252,0.74291,TRUE,B,-1.73529,-0.64948,-2.38887,0.7798,Bob
796,-1.23301,0.00484,-0.84522,0.92803,FALSE,F,0.58498,1.19403,-1.58234,0.43177,Atsuto
797,-1.8421,-0.27445,-0.14166,0.23361,FALSE,F,2.37803,3.45863,-2.85498,2.25227,Atsuto
798,1.74371,0.05462,-1.03899,0.99759,FALSE,F,1.45734,-0.98544,2.53931,-1.32762,Jörg
799,0.9352,-0.87896,-0.34714,0.38071,FALSE,F,0.1826,0.23642,1.08784,-0.10546,Bob
800,-3.44165,1.76991,-0.35848,0.61949,TRUE,A,3.28338,0.59275,-0.04336,3.1673,Jörg
801,0.11614,0.10872,-0.86301,0.78415,FALSE,F,-0.79449,-2.65245,-1.30672,2.83182,Bob
802,-1.47846,0.78017,-0.65711,0.59683,TRUE,C,1.58394,-0.12991,1.67943,-0.41019,Jörg
803,-0.1944,0.03174,0.19458,0.01823,TRUE,F,-1.52033,-0.88352,-3.4415,1.49625,Bob
804,-0.28575,-0.36289,-0.78458,0.96254,FALSE,F,1.91811,2.41677,3.05905,-0.13951,Jörg
805,-1.63575,0.65919,-0.64115,0.70521,FALSE,C,-0.76095,2.36455,-0.90629,0.81794,Atsuto
806,0.86371,1.67108,0.09887,0.05732,TRUE,A,-0.87779,-0.10676,-1.04297,0.17126,Bob
807,-0.82081,-0.33117,-0.57377,0.60966,FALSE,F,-1.48141,0.27517,-3.55436,1.49651,Atsuto
808,2.24484,1.12651,-1.35897,1.35216,FALSE,A,0.30352,0.39543,2.92651,-1.16046,Jörg
809,-1.62862,1.58362,-0.5373,0.58067,TRUE,A,-1.05828,-0.77999,-3.05362,1.51601,Bob
810,1.43111,-0.50909,-1.11642,1.17779,FALSE,F,0.10517,2.71902,2.86645,1.52389,Atsuto
811,-1.09584,0.17947,-1.14987,1.03613,FALSE,F,0.78929,-2.24641,-1.08813,4.25219,Jörg
812,1.09341,0.85444,-0.5535,0.79924,TRUE,A,0.03249,-1.51684,-1.94967,-0.10251,Bob
813,-2.00181,0.5567,-0.33539,0.59096,FALSE,B,0.17184,0.24266,-2.48168,3.24622,Bob
814,0.42763,1.56077,-0.36039,0.44473,TRUE,A,-2.4948,-0.92634,-1.63462,0.79152,Bob
815,0.49573,0.6364,-0.01671,0.01502,TRUE,D,-1.63288,-1.18914,-3.31412,4.49063,Bob
816,-0.98167,0.44891,-0.85995,0.93845,FALSE,E,2.07257,0.48977,-1.78247,0.56116,Jörg
817,-0.44368,0.96004,-0.71046,0.92791,TRUE,A,0.82767,-1.11076,-0.91353,1.94628,Jörg
818,0.19356,0.40299,-0.4481,0.47591,FALSE,Fx,-1.30294,-0.97141,-0.95584,1.16454,Bob
819,-1.01484,0.1394,-1.12395,1.17665,FALSE,F,0.86344,2.15365,-0.72252,0.35535,Atsuto
820,-1.52939,1.05696,-0.52943,0.71409,TRUE,A,-0.79342,-0.17112,-2.3812,2.37968,Bob
821,1.93683,-1.68939,-0.42918,0.41163,FALSE,F,0.20225,-0.68245,1.7837,-1.0389,Jörg
822,0.91196,1.25796,0.08733,0.11797,TRUE,A,1.70092,0.24773,3.99893,1.28842,Atsuto
823,1.02575,1.73826,-0.985,1.04503,TRUE,A,0.76321,4.00923,2.345,1.53579,Atsuto
824,-1.48974,0.38269,-0.15708,0.34024,TRUE,E,2.51443,1.18742,-2.07341,0.64208,Atsuto
825,-1.39805,0.97475,-0.73586,0.81942,TRUE,A,1.99838,3.44595,4.1166,-0.25286,Atsuto
826,-1.37456,0.35284,-1.2067,1.27787,FALSE,Fx,1.46168,-0.337,-0.65955,3.10156,Jörg
827,1.74077,-0.3093,-0.50661,0.63329,FALSE,F,-0.78738,3.97094,2.40597,0.26592,Atsuto
828,2.39447,-1.68576,-0.41633,0.51432,FALSE,F,-2.15623,-1.40625,-1.77334,1.01808,Bob
829,-1.17821,-0.36097,-0.88239,0.8366,FALSE,F,-3.4672,-1.66641,-1.26022,1.55738,Bob
830,-0.84883,-0.8374,-0.47592,0.5692,FALSE,F,-1.16624,0.0744,-3.73858,1.49471,Bob
831,0.32237,0.7194,-0.67195,0.61935,TRUE,D,-1.87993,-0.32739,-3.3205,0.84683,Bob
832,-2.13482,0.86764,-0.5762,0.5994,TRUE,B,-0.53654,-2.47166,-1.90249,0.40429,Bob
833,-2.92355,1.53672,-0.51945,0.48165,TRUE,A,-0.64141,0.31159,-2.83402,2.09274,Bob
834,-2.60547,0.13006,-0.1511,0.31917,FALSE,F,1.35892,-0.42355,2.02212,-0.54463,Atsuto
835,0.97997,-0.82172,0.31697,-0.02649,FALSE,F,-1.08015,-1.68118,-1.65097,1.58617,Bob
836,-0.07393,0.47901,0.22757,0.08724,TRUE,C,-1.05182,-1.70178,-1.62964,-0.38823,Bob
837,1.26313,-0.64342,-0.60067,0.61308,FALSE,F,-1.41809,-0.14126,-4.90638,3.09134,Bob
838,0.18641,-2.12441,-0.69436,0.81164,FALSE,F,-2.08557,-1.14021,-2.01435,0.78005,Bob
839,-0.22431,1.30607,-0.70652,0.76996,TRUE,A,-1.28239,-1.64633,-1.57556,1.9369,Atsuto
840,2.21686,-0.57697,-0.452,0.58171,FALSE,F,-1.06636,-1.818,-2.39028,-0.08342,Bob
841,2.11089,0.39734,-0.05206,0.30042,TRUE,D,1.67114,0.31133,-1.44396,3.1769,Jörg
842,0.90184,-0.39275,-0.65815,0.81561,FALSE,F,-0.84455,-0.716,-4.82418,2.57532,Bob
843,-1.15451,1.78199,-0.28381,0.47894,TRUE,A,1.51237,-0.76331,-1.28073,-0.01686,Jörg
844,0.79887,0.20492,-0.10924,0.38825,FALSE,Fx,-2.30302,-1.63024,-2.78009,0.57004,Bob
845,-0.85555,-1.04595,0.06338,0.0903,FALSE,F,-1.04037,-0.97439,-2.32659,2.33793,Bob
846,2.33311,-2.59578,0.25112,-0.04269,FALSE,F,-0.50623,-1.98468,-1.04333,1.1327,Bob
847,0.06003,-0.46167,0.06282,0.10898,FALSE,F,-0.46691,-0.37306,-2.77002,-0.79337,Bob
848,-0.1847,0.40917,-0.2496,0.41795,FALSE,E,1.26813,-0.57641,-1.95841,0.73096,Jörg
849,2.05469,0.46223,-0.04697,0.14683,TRUE,E,-1.6576,-1.07706,-0.16709,0.00614,Bob
850,1.27654,0.49893,-0.65857,0.73802,FALSE,E,0.26021,4.75289,1.21484,2.69406,Atsuto
851,0.12687,-0.76246,-0.3019,0.51538,FALSE,F,-1.7807,-1.28254,0.06907,0.22879,Bob
852,-2.49463,0.28379,-0.97087,0.88083,FALSE,F,-0.36286,-1.07449,-1.96386,1.19875,Bob
853,0.20353,0.02513,-0.48406,0.47668,FALSE,F,-0.86933,-1.33054,-1.07506,1.79658,Bob
854,-0.59315,-0.67993,-0.47226,0.72578,FALSE,F,-0.53658,-1.1048,-1.32831,0.80733,Bob
855,0.02636,0.08633,-0.8944,0.8198,FALSE,F,-2.03749,-1.51122,-1.54219,1.31571,Bob
856,2.06894,-1.17038,-0.52104,0.57648,FALSE,F,0.172,1.09822,-3.61567,3.2422,Atsuto
857,-1.17249,-0.46238,0.19593,-0.018,FALSE,F,-1.38558,-0.35677,-3.08813,1.64683,Bob
858,-0.65712,-0.02203,-0.45443,0.64671,FALSE,F,-1.91947,-1.4121,-2.98023,2.83021,Bob
859,-1.51882,0.3755,-0.42761,0.51299,FALSE,Fx,-1.11179,-1.06302,-1.50194,0.16796,Bob
860,-0.2689,2.53942,-0.33154,0.47759,TRUE,A,0.13145,-1.89706,-1.48053,3.04002,Bob
861,-0.59129,-1.29138,-0.71048,0.82774,FALSE,F,-2.13916,-1.12311,-1.38076,-0.5884,Bob
862,0.57887,0.1828,-0.75092,0.89584,FALSE,F,0.89684,0.07093,-0.26697,1.82473,Jörg
863,-1.28664,-1.2003,0.00036,0.28756,FALSE,F,2.60779,-1.02051,0.816,3.45096,Jörg
864,-1.54713,2.25077,0.12559,-0.00825,TRUE,A,-0.93203,-0.68698,-1.61781,0.88435,Bob
865,-0.06236,1.33557,-0.21143,0.34988,TRUE,A,0.61688,3.45859,0.34504,-0.00295,Atsuto
866,1.0465,-1.2899,-0.94006,1.00418,FALSE,F,1.47092,0.79835,1.26925,-1.5226,Jörg
867,1.53915,0.18752,-0.34962,0.45987,FALSE,F,-1.00707,-0.19613,-2.70057,0.44474,Bob
868,2.19083,0.10141,-0.9577,1.12939,FALSE,F,1.53759,0.86247,-1.5364,1.77039,Jörg
869,-1.45094,1.4043,-0.17358,0.35002,TRUE,A,-0.98548,1.91152,0.54605,1.8015,Atsuto
870,2.54561,0.47274,-1.1379,1.02133,FALSE,F,1.39086,0.01854,-2.12151,2.4006,Jörg
871,1.51376,-0.53625,-0.15177,0.37389,FALSE,F,-1.2192,-0.68503,-3.30314,1.321,Bob
872,-0.67511,-0.33525,-0.0526,0.19194,FALSE,F,-1.00661,-0.373,-2.3782,-0.46465,Bob
873,1.75326,0.14422,-0.11322,0.20724,FALSE,F,4.04344,0.13991,-1.72527,0.32427,Atsuto
874,-0.57505,0.40336,-0.49659,0.53313,FALSE,Fx,-1.04299,-1.57385,-1.12831,1.68391,Bob
875,0.8505,0.83764,-0.39001,0.51555,TRUE,A,-0.31593,-0.09833,-3.75562,2.16379,Bob
876,0.29025,-1.6391,-0.38895,0.54164,FALSE,F,-1.14127,-0.69013,-0.52359,1.6854,Bob
877,-1.4346,-0.63592,-0.39004,0.49743,FALSE,F,2.53821,1.22924,3.21615,0.01929,Jörg
878,0.76042,0.50813,-0.41167,0.36951,TRUE,Fx,-1.85152,-0.81818,-3.39724,1.71666,Bob
879,-1.05523,-0.35303,-0.35941,0.4929,FALSE,F,-0.75969,-1.22774,-3.20619,1.14824,Bob
880,?,?,-0.98514,1.02721,?,A,2.50515,1.28566,2.5352,0.68691,Atsuto
881,-1.35021,0.8542,0.16664,0.14064,TRUE,A,-0.35389,-1.97475,-1.41671,1.92401,Bob
882,0.96838,-0.11396,-0.65871,0.74116,FALSE,F,-0.58137,-1.40024,-1.64247,0.12484,Bob
883,-1.02669,0.73147,-0.53084,0.68805,TRUE,B,-2.36488,-0.3584,-2.36455,-0.22191,Bob
884,-0.34009,1.19914,-0.78716,0.82375,TRUE,A,-0.52986,-1.34857,-3.20899,3.7224,Bob
885,-0.04258,-0.18644,-0.35211,0.45757,FALSE,F,0.17663,-0.24546,-0.57668,0.29985,Bob
886,-1.46714,0.08372,-0.51504,0.63666,FALSE,F,-1.03751,-0.64819,-2.38277,0.27573,Bob
887,-1.18458,1.11344,-1.03036,1.11087,TRUE,A,2.10592,0.49761,-1.77636,0.77729,Atsuto
888,-2.56269,2.02427,-0.73904,0.77463,TRUE,A,0.4054,-0.61719,3.05454,1.94326,Atsuto
889,-0.70177,0.21265,-0.30113,0.4967,FALSE,Fx,-1.5752,-0.7405,-0.94503,0.85767,Bob
890,-0.50365,0.44025,-1.13803,1.13513,FALSE,Fx,1.09776,2.26854,-1.0881,2.1671,Atsuto
891,-0.17794,0.8701,-0.32969,0.33165,TRUE,B,0.36358,-0.32329,-0.80017,0.51648,Bob
892,1.32404,0.87251,-0.32075,0.49111,TRUE,A,-1.07025,-0.74596,-0.37805,1.73245,Bob
893,0.97473,-0.04961,-0.18343,0.32605,FALSE,F,0.71149,1.46588,-2.59515,0.15741,Atsuto
894,-2.03268,0.91463,-0.58108,0.70709,TRUE,A,2.92802,3.50088,-3.6275,3.25982,Atsuto
895,0.38917,-1.04464,-0.53224,0.76102,FALSE,F,-0.49646,0.59713,-2.04983,3.0581,Jörg
896,-1.10713,0.59589,0.00153,0.30039,TRUE,B,-2.18639,-1.56831,-1.77445,2.09027,Bob
897,0.38862,-0.78563,-1.30533,1.30052,FALSE,F,1.37012,1.50842,-1.66338,0.89902,Atsuto
898,-1.17484,1.04388,-0.03874,0.17292,TRUE,A,2.10255,0.68967,3.17587,0.47365,Atsuto
899,-1.07149,1.64323,-0.34557,0.51036,TRUE,A,-0.00982,-1.94898,-2.39761,2.10886,Bob
900,0.19623,0.42338,-0.75112,0.85224,FALSE,E,1.05715,1.74047,-0.32582,-1.18622,Atsuto
901,-0.49665,0.6151,-0.72873,0.6564,FALSE,E,0.92267,0.91347,-2.58908,4.16447,Jörg
902,-1.52303,0.58611,-0.00038,0.14673,TRUE,C,-1.61982,-0.30769,-1.09952,2.70164,Bob
903,0.70419,-0.45205,-0.69155,0.79653,FALSE,F,2.15377,2.32305,-2.62698,1.0526,Atsuto
904,-1.76719,-0.1084,-0.40144,0.36588,FALSE,F,-1.37884,-1.33222,-0.90657,2.30136,Bob
905,-0.62886,0.49713,-0.34696,0.33013,TRUE,Fx,-1.49872,-0.80345,-3.57444,1.69938,Bob
906,-0.68185,0.09873,-0.01389,0.20907,FALSE,F,-0.58485,0.60069,-3.40764,0.53099,Atsuto
907,-0.69576,-0.34809,-1.21858,1.22977,FALSE,F,1.58293,0.22144,-3.31495,1.07626,Atsuto
908,0.39045,-0.02525,-0.25035,0.48447,FALSE,F,-0.71659,-0.33835,1.26344,1.76546,Bob
909,-0.18896,-0.23375,0.13289,0.06453,FALSE,F,1.70201,-0.70466,2.26204,1.18672,Atsuto
910,0.60914,-0.30776,-0.52643,0.63664,FALSE,F,0.17979,-1.48583,-3.92006,0.35652,Bob
911,0.90119,-1.06652,-0.60348,0.67192,FALSE,F,1.0944,1.50011,-1.44627,1.25623,Atsuto
912,-0.46249,0.36342,0.09036,0.02167,TRUE,Fx,-1.54396,-1.88588,-3.47096,2.5942,Bob
913,0.48832,-0.36659,-0.38098,0.37233,FALSE,F,-1.06443,-1.19465,-4.27014,1.38904,Bob
914,-0.72695,0.91073,-0.09552,0.12603,TRUE,A,-0.10532,-0.68158,-0.72318,1.17234,Bob
915,2.80633,-1.39388,-0.53189,0.5743,FALSE,F,1.90591,-0.33591,-0.74985,-0.20742,Atsuto
916,0.296,1.42924,-0.44069,0.48074,TRUE,A,1.93038,0.26467,-0.04035,0.20821,Atsuto
917,0.41838,0.0129,0.35954,-0.04551,TRUE,F,-0.43586,-0.91426,-0.21185,-0.02143,Bob
918,0.0547,0.96844,-0.22139,0.50433,TRUE,A,-1.07722,-2.20037,-2.25914,2.26047,Bob
919,1.19353,-0.38189,0.02777,0.11629,FALSE,F,1.99626,-1.44082,-1.77701,0.68491,Atsuto
920,-1.7716,-0.78673,-0.08555,0.1606,FALSE,F,-0.637,0.62105,3.02104,0.50285,Atsuto
921,0.07701,0.20707,-0.41982,0.49539,FALSE,F,1.55279,2.39521,1.73007,-0.75786,Atsuto
922,0.59353,2.27798,-0.41658,0.49305,TRUE,A,-0.28685,1.70689,1.17097,-2.02752,Jörg
923,0.5537,0.7907,-0.28986,0.36129,TRUE,B,-2.05619,-0.72079,-2.88528,2.64915,Bob
924,-1.46182,0.54571,-0.23321,0.29672,TRUE,D,-0.96929,-1.39806,-2.00046,1.68141,Bob
925,-0.85064,0.97877,-0.16574,0.2894,TRUE,A,-0.44681,0.55815,0.12202,1.04189,Bob
926,2.51433,0.65978,-0.23799,0.22309,TRUE,D,-0.89726,-1.56144,-1.29699,1.77753,Bob
927,0.26537,-0.02389,-1.13767,1.11712,FALSE,F,0.89924,-0.31222,1.59546,0.62023,Jörg
928,-1.94679,0.65672,-0.22428,0.39158,TRUE,B,0.91011,-0.40949,1.08269,-1.22301,Jörg
929,1.10611,-0.37223,-0.69437,0.81064,FALSE,F,-2.12578,-0.5782,-0.63491,2.73668,Bob
930,0.4161,0.52666,-0.57225,0.66127,FALSE,D,-1.39542,-1.49141,-2.88404,0.15039,Bob
931,1.55339,-1.10473,-0.01323,0.02127,FALSE,F,-0.34523,-1.40003,-0.57077,-0.00012,Bob
932,0.68893,-2.09287,0.04954,0.066,FALSE,F,-0.80183,-1.62078,-2.50511,0.80277,Bob
933,-1.75177,2.03711,-1.14947,1.15093,TRUE,A,0.83507,1.20865,-1.42936,4.00693,Jörg
934,0.61599,0.5465,-0.47294,0.65581,FALSE,C,-0.02131,1.57127,-0.75701,3.53085,Jörg
935,-0.04307,2.0072,-0.67019,0.86313,TRUE,A,0.60573,-0.47924,-2.15228,1.34367,Jörg
936,2.3414,0.83035,-0.65107,0.67424,TRUE,B,0.63267,-1.21713,3.44686,1.77397,Atsuto
937,-1.5904,0.63532,-1.32372,1.3024,FALSE,D,0.58344,-0.48536,-1.14724,1.6641,Jörg
938,-1.42981,-0.21307,-0.43004,0.53341,FALSE,F,2.40215,2.76146,-2.6537,1.41458,Atsuto
939,-2.88223,-0.48458,-1.12866,1.0974,FALSE,F,-0.13076,0.35987,0.77117,1.71639,Atsuto
940,1.92612,-0.46356,0.1087,0.00227,FALSE,F,-2.05274,-1.09205,-2.62398,-0.07144,Bob
941,-1.57721,2.58645,-1.20566,1.25153,TRUE,A,0.98873,-0.09962,-1.49963,-0.35984,Atsuto
942,-0.76492,1.24147,-0.69196,0.69684,TRUE,A,0.6836,-0.92945,-0.73448,1.29845,Jörg
943,-0.9536,0.97822,-0.14385,0.42279,TRUE,A,-0.4604,-1.99992,-1.18724,0.22705,Bob
944,0.7155,-0.00149,-0.75029,0.87416,FALSE,F,2.03739,-0.44202,0.87645,4.09692,Jörg
945,0.0348,-1.26048,-0.33339,0.4743,FALSE,F,0.0244,-0.63923,-0.9002,1.42028,Atsuto
946,1.08138,-0.77766,-0.19479,0.43853,FALSE,F,-2.50356,-1.29222,-1.74846,0.00369,Bob
947,-0.23656,-0.4693,-0.5669,0.66416,FALSE,F,-0.54532,-0.58315,-4.80402,0.78761,Bob
948,-0.95102,-0.61079,-0.47191,0.55915,FALSE,F,0.17627,-0.33581,-3.38747,1.80212,Bob
949,0.61443,0.30648,-0.58135,0.81429,FALSE,E,-0.26917,-1.45078,-1.26249,1.94772,Bob
950,2.55587,-0.31477,-0.91176,1.05217,FALSE,F,0.08364,-1.96509,0.28998,2.47955,Jörg
951,-0.4896,-0.24269,0.09139,0.0202,FALSE,F,-1.14161,-0.82742,-0.33083,-0.05532,Bob
952,1.6129,-0.70544,0.33879,-0.01837,FALSE,F,-0.29893,-0.79312,-2.27335,1.31276,Bob
953,-1.91796,-0.03621,0.15058,-0.02026,FALSE,F,0.15734,1.90356,1.21473,0.41108,Atsuto
954,-0.68718,0.2829,-0.60255,0.59643,FALSE,F,-1.42949,-0.76148,-3.07108,0.69568,Bob
955,1.13229,-0.3164,-0.20209,0.21063,FALSE,F,0.09085,-1.13332,-0.91663,-0.26266,Bob
956,-0.02255,-0.57553,-0.40013,0.66049,FALSE,F,1.03386,0.70895,-0.50419,0.60286,Jörg
957,0.89354,0.44085,-0.35504,0.61617,FALSE,C,-0.70998,-0.74399,-2.41036,1.03279,Bob
958,-0.8824,-0.51277,-0.3686,0.35572,FALSE,F,-1.92887,-0.63635,-0.31605,-0.13141,Bob
959,1.29389,-0.10929,-0.63279,0.64975,FALSE,F,2.38246,0.21405,-2.33664,1.34672,Jörg
960,-1.03014,-0.4847,-0.61263,0.65766,FALSE,F,1.85029,-0.04701,-1.35493,1.94685,Jörg
961,-2.64819,-0.49573,-0.63752,0.60914,FALSE,F,-0.32894,-0.34208,-5.02796,0.93489,Bob
962,-0.30671,-1.32481,-0.19712,0.21369,FALSE,F,-1.89476,-0.76382,0.34494,0.78015,Bob
963,0.06038,-0.50583,-1.2512,1.17388,FALSE,F,1.36682,-1.10701,-1.38332,2.67991,Jörg
964,-1.1282,0.65197,-0.39297,0.52225,TRUE,C,-1.03345,-0.2383,-0.78456,0.83169,Bob
965,1.19206,-1.45996,-0.35746,0.42205,FALSE,F,-0.07101,-0.09721,5.25107,-0.26207,Jörg
966,0.09082,-1.23506,-0.3042,0.35017,FALSE,F,-1.13306,-0.79128,-4.52374,1.19398,Bob
967,-0.35417,-0.10599,-0.76487,0.85222,FALSE,F,0.59874,-0.16233,-2.14458,0.57191,Atsuto
968,0.89888,-0.48464,-0.68482,0.91313,FALSE,F,0.51787,-0.06437,-2.84623,0.17004,Jörg
969,-1.45099,1.17402,-0.56919,0.8132,TRUE,A,-1.72371,0.80982,-0.7883,0.92241,Jörg
970,-1.06614,0.19723,0.26163,-0.00452,TRUE,Fx,-1.31408,-0.18385,-2.77383,0.32505,Bob
971,-0.61175,1.79008,-1.03112,0.92484,TRUE,A,-1.10542,-1.16787,-2.48808,2.09187,Jörg
972,0.67765,0.07853,-0.91161,0.83575,FALSE,F,-0.43542,-0.79044,-1.36889,1.61511,Bob
973,-1.63081,2.03265,-0.44692,0.55894,TRUE,A,1.13891,0.74859,1.13314,0.73714,Atsuto
974,-1.43272,0.36566,-0.11674,0.29591,TRUE,E,0.06949,-0.10243,-0.91526,-0.50309,Bob
975,0.31181,-0.28627,-1.17938,1.19659,FALSE,F,1.47067,1.30102,-0.36036,2.25691,Atsuto
976,0.10307,-0.465,-1.16872,1.14783,FALSE,F,2.13589,0.11834,1.76877,1.64558,Atsuto
977,0.31741,2.21901,-0.01538,0.15534,TRUE,A,-0.5224,-1.19654,-0.06676,0.05824,Bob
978,-1.82359,0.23109,-1.23815,1.25785,FALSE,F,-2.1283,0.52694,1.58262,-0.5799,Atsuto
979,1.86636,-1.0218,-0.8287,0.81288,FALSE,F,1.82487,2.10747,-0.99187,2.93207,Jörg
980,-0.99442,-0.52089,-1.09807,1.09905,FALSE,F,-0.84575,2.21502,0.54281,1.29183,Atsuto
981,-0.27188,0.58566,-0.84727,0.79973,FALSE,E,-1.20538,-1.93057,-1.73641,2.40556,Bob
982,-0.37243,-0.77219,0.15122,0.01387,FALSE,F,-1.25687,0.27704,-1.99879,-1.1972,Bob
983,-0.32258,0.29598,-0.12219,0.19714,TRUE,F,-0.31542,0.45764,-2.34763,0.89819,Atsuto
984,1.2584,-1.05878,-0.51331,0.74032,FALSE,F,3.11737,-0.56251,0.55853,4.14694,Jörg
985,-0.72761,0.15074,-0.7322,0.77338,FALSE,F,-1.3918,-0.47272,0.24309,-0.64585,Bob
986,0.83972,0.5249,0.06775,0.2102,TRUE,B,-0.16449,-1.36026,-1.87387,2.85171,Bob
987,-0.87094,1.16236,0.05944,0.15876,TRUE,A,-1.13444,-1.31364,-1.01429,0.90012,Bob
988,1.75527,-0.82412,0.15722,0.07083,FALSE,F,-0.61035,-0.90239,-1.48144,1.41923,Bob
989,-3.40462,2.36422,0.21788,0.07879,TRUE,A,-0.95974,-3.16002,-1.52785,1.80837,Bob
990,0.93572,-1.67188,0.20333,0.05094,FALSE,F,0.02323,-1.35816,-3.86417,-0.5084,Bob
991,2.52374,0.90601,-0.47082,0.6203,TRUE,A,-0.73804,-0.09085,-2.99087,0.95627,Bob
992,0.48037,0.49639,-0.60867,0.71739,FALSE,D,-0.25503,3.10176,-0.93505,-0.54271,Atsuto
993,-2.51908,1.55177,-0.59527,0.71058,TRUE,A,-0.04615,0.56354,-0.11404,1.62524,Jörg
994,-0.69905,0.29478,-0.14623,0.17004,TRUE,F,-2.04196,-0.50496,-1.09053,0.78035,Bob
995,1.4451,0.21567,-0.66888,0.78482,FALSE,F,2.61427,0.36749,2.67405,2.16789,Atsuto
996,0.27265,0.06493,-0.2049,0.46078,FALSE,F,-2.53548,-2.0972,-1.06034,1.31826,Bob
997,0.35593,-0.46112,-1.15505,1.32716,FALSE,F,1.86147,-0.48589,0.70206,0.99225,Jörg
998,0.48402,1.44547,-0.26062,0.387,TRUE,A,0.01803,1.9269,3.28303,1.98225,Atsuto
999,0.33672,-0.00784,-1.07347,1.03648,FALSE,F,-0.17967,1.08914,2.75348,-1.50266,Jörg
